<?xml version="1.0" encoding="UTF-8"?>
<_ROOT_ EMVERSION="12.1" ORIENTATION="VERTICAL">
<Workspace>
<NODES>
<NODE CLASS="SASHELP.EMCORE.EXTENSION.CLASS" COMPONENT="IGN" ID="IGN" X="523" Y="196" DESCRIPTION="Interactive Grouping" DIAGRAMID="_ROOT_" PARENTID="" TOOLTYPE="CREDSCORE" TOOLPREFIX="IGN">
<PROPERTIES Location="CATALOG" Catalog="SASHELP.EMCREDIT.IGN.SOURCE" ApplyLevelRule="N" BinMethod="QUANTILE" NumBins="20" UseCodes="N" Freeze="N" ImportWoe="NONE" WoeAdjust="Y" AdjustFactor="0.5" ApplyMinDist="Y" MinDistMethod="PERCENT" MinPercentDist="5" MinCountDist="." Criterion="ENTROPY" MissingValue="SEPARATEIFANY" MinCatSize="5" MaxBranch="5" Precision="2" GroupInt="OPTIMAL" GroupOrd="OPTIMAL" CreateGrouping="N" CreateMethod="OVERWRITE" ImportGrouping="N" VarSelMethod="INFOVAL" GiniCutoff="20" InfoValCutoff="0.1" GrpMsmnt="ORDINAL" MaxVar="10" ApplyMonotonicity="Y" ApplyMinNumNonEvent="Y" ApplyMinNumEvent="Y" ApplyMaxBinTotal="Y" ApplyMinBinDiff="Y" ApplyMinNumBins="Y" MinNumNonEvent="1" MinNumEvent="1" MaxBinTotal="23250" MinBinDiff="0.01" MinNumBins="2" ForceRun="N" RunAction="Train" Component="IGN" CodesData="" ImportData="" DataNeeded="Y" ApplyMaxBinWidth="N" MaxBinWidth="." ApplyMinBinWidth="N" MinBinWidth="." INTTARGETMETHOD="DUPFREQ" RandomSeed="12345" USERCUTVALUE="0.2">
<VariableProperties/>
<EmVariableAttributes/>
<EmTargetAttributes/>
<EmFileProperties>
<USERTRAINCODE Type="EXTERNAL" Extension="sas">
<Data/>
</USERTRAINCODE>
<EMNOTES Type="EXTERNAL" Extension="txt">
<Data/>
</EMNOTES>
</EmFileProperties>
</PROPERTIES>
</NODE>
<NODE CLASS="SASHELP.EMCORE.EXTENSION.CLASS" COMPONENT="IGN" ID="IGN4" X="603" Y="451" DESCRIPTION="Interactive Grouping" DIAGRAMID="_ROOT_" PARENTID="" TOOLTYPE="CREDSCORE" TOOLPREFIX="IGN">
<PROPERTIES Location="CATALOG" Catalog="SASHELP.EMCREDIT.IGN.SOURCE" ApplyLevelRule="N" BinMethod="QUANTILE" NumBins="20" UseCodes="N" Freeze="N" ImportWoe="NONE" WoeAdjust="Y" AdjustFactor="0.5" ApplyMinDist="Y" MinDistMethod="PERCENT" MinPercentDist="5" MinCountDist="." Criterion="ENTROPY" MissingValue="SEPARATEIFANY" MinCatSize="5" MaxBranch="5" Precision="2" GroupInt="OPTIMAL" GroupOrd="OPTIMAL" CreateGrouping="N" CreateMethod="OVERWRITE" ImportGrouping="N" VarSelMethod="INFOVAL" GiniCutoff="20" InfoValCutoff="0.1" GrpMsmnt="ORDINAL" MaxVar="10" ApplyMonotonicity="Y" ApplyMinNumNonEvent="Y" ApplyMinNumEvent="Y" ApplyMaxBinTotal="Y" ApplyMinBinDiff="Y" ApplyMinNumBins="Y" MinNumNonEvent="1" MinNumEvent="1" MaxBinTotal="23250" MinBinDiff="0.01" MinNumBins="2" ForceRun="N" RunAction="Train" Component="IGN" CodesData="" ImportData="" DataNeeded="Y" ApplyMaxBinWidth="N" MaxBinWidth="." ApplyMinBinWidth="N" MinBinWidth="." INTTARGETMETHOD="DUPFREQ" RandomSeed="12345" USERCUTVALUE="0.2">
<VariableProperties/>
<EmVariableAttributes/>
<EmTargetAttributes/>
<EmFileProperties>
<USERTRAINCODE Type="EXTERNAL" Extension="sas">
<Data/>
</USERTRAINCODE>
<EMNOTES Type="EXTERNAL" Extension="txt">
<Data/>
</EMNOTES>
</EmFileProperties>
</PROPERTIES>
</NODE>
<NODE CLASS="SASHELP.EMSAMP.IDS.CLASS" COMPONENT="DataSource" ID="Ids" X="523" Y="68" DESCRIPTION="CS_ACCEPTS" DIAGRAMID="_ROOT_" PARENTID="" TOOLTYPE="SAMPLE" TOOLPREFIX="Ids">
<PROPERTIES DataSource="csaccepts" Scope="LOCAL" Role="RAW" Library="SAMPSIO" Table="CS_ACCEPTS" NCols="28" NObs="3000" NBytes="1082368" Segment="" DataSourceRole="RAW" OutputType="VIEW" ForceRun="N" ComputeStatistics="N" DataSelection="DATASOURCE" NewTable="" MetaAdvisor="BASIC" ApplyIntervalLevelLowerLimit="Y" IntervalLowerLimit="20" ApplyMaxPercentMissing="Y" MaxPercentMissing="50" ApplyMaxClassLevels="Y" MaxClassLevels="20" IdentifyEmptyColumns="Y" VariableValidation="STRICT" NewVariableRole="REJECT" DropMapVariables="Y" DsId="csaccepts" DsSampleName="" DsSampleSizeType="" DsSampleSize="" DsCreatedBy="mimmal" DsCreateDate="1664190232" DsModifiedBy="mimmal" DsModifyDate="1664190232" DsScope="LOCAL" Sample="D" SampleSizeType="PERCENT" SampleSizePercent="20" SampleSizeObs="10000" DBPassThrough="Y" RunAction="Train" Component="DataSource" Description="">
<VariableProperties/>
<EmVariableAttributes>
<DELTA Variable="BUREAU" AttributeName="LEVEL" AttributeValue="NOMINAL"/>
<DELTA Variable="CHILDREN" AttributeName="LEVEL" AttributeValue="NOMINAL"/>
<DELTA Variable="DIV" AttributeName="LEVEL" AttributeValue="BINARY"/>
<DELTA Variable="EC_CARD" AttributeName="LEVEL" AttributeValue="BINARY"/>
<DELTA Variable="FINLOAN" AttributeName="LEVEL" AttributeValue="BINARY"/>
<DELTA Variable="GB" AttributeName="ROLE" AttributeValue="TARGET"/>
<DELTA Variable="GB" AttributeName="LEVEL" AttributeValue="BINARY"/>
<DELTA Variable="INC" AttributeName="LEVEL" AttributeValue="NOMINAL"/>
<DELTA Variable="INC1" AttributeName="LEVEL" AttributeValue="NOMINAL"/>
<DELTA Variable="LOANS" AttributeName="LEVEL" AttributeValue="NOMINAL"/>
<DELTA Variable="LOCATION" AttributeName="LEVEL" AttributeValue="BINARY"/>
<DELTA Variable="NMBLOAN" AttributeName="LEVEL" AttributeValue="NOMINAL"/>
<DELTA Variable="PERS_H" AttributeName="LEVEL" AttributeValue="NOMINAL"/>
<DELTA Variable="REGN" AttributeName="LEVEL" AttributeValue="NOMINAL"/>
<DELTA Variable="RESID" AttributeName="LEVEL" AttributeValue="BINARY"/>
<DELTA Variable="TEL" AttributeName="LEVEL" AttributeValue="NOMINAL"/>
<DELTA Variable="TITLE" AttributeName="LEVEL" AttributeValue="BINARY"/>
<DELTA Variable="_freq_" AttributeName="ROLE" AttributeValue="FREQ"/>
<DELTA Variable="_freq_" AttributeName="LEVEL" AttributeValue="BINARY"/>
</EmVariableAttributes>
<EmTargetAttributes>
<GB>
<DecData Table="EMWS2.Ids_GB_DD">
<Data>
<Obs GB="1" COUNT="1500" DATAPRIOR="0.0322580645" TRAINPRIOR="0.0322580645" DECPRIOR="." DECISION1="1" DECISION2="0"/>
<Obs GB="0" COUNT="45000" DATAPRIOR="0.9677419355" TRAINPRIOR="0.9677419355" DECPRIOR="." DECISION1="0" DECISION2="1"/>
</Data>
<Metadata>
<Variable NAME="GB" LABEL="" LENGTH="32" FORMAT="" TYPE="C"/>
<Variable NAME="COUNT" LABEL="Level Counts" LENGTH="8" FORMAT="10." TYPE="N"/>
<Variable NAME="DATAPRIOR" LABEL="Data Proportions" LENGTH="8" FORMAT="" TYPE="N"/>
<Variable NAME="TRAINPRIOR" LABEL="Training Proportions" LENGTH="8" FORMAT="" TYPE="N"/>
<Variable NAME="DECPRIOR" LABEL="Decision Priors" LENGTH="8" FORMAT="" TYPE="N"/>
<Variable NAME="DECISION1" LABEL="1" LENGTH="8" FORMAT="" TYPE="N"/>
<Variable NAME="DECISION2" LABEL="0" LENGTH="8" FORMAT="" TYPE="N"/>
</Metadata>
</DecData>
<DecMeta Table="EMWS2.Ids_GB_DM">
<Data>
<Obs _TYPE_="MATRIX" VARIABLE="" LABEL="" LEVEL="PROFIT" EVENT="" ORDER="" FORMAT="" TYPE="" COST="" USE="N"/>
<Obs _TYPE_="TARGET" VARIABLE="GB" LABEL="Good/Bad" LEVEL="BINARY" EVENT="1" ORDER="" FORMAT="BEST12.0" TYPE="N" COST="" USE=""/>
<Obs _TYPE_="DECISION" VARIABLE="DECISION1" LABEL="1" LEVEL="" EVENT="" ORDER="" FORMAT="" TYPE="N" COST="" USE="Y"/>
<Obs _TYPE_="DECISION" VARIABLE="DECISION2" LABEL="0" LEVEL="" EVENT="" ORDER="" FORMAT="" TYPE="N" COST="" USE="Y"/>
<Obs _TYPE_="DATAPRIOR" VARIABLE="DATAPRIOR" LABEL="Data Prior" LEVEL="" EVENT="" ORDER="" FORMAT="" TYPE="N" COST="" USE="N"/>
<Obs _TYPE_="TRAINPRIOR" VARIABLE="TRAINPRIOR" LABEL="Training Prior" LEVEL="" EVENT="" ORDER="" FORMAT="" TYPE="N" COST="" USE="N"/>
<Obs _TYPE_="DECPRIOR" VARIABLE="DECPRIOR" LABEL="Decision Prior" LEVEL="" EVENT="" ORDER="" FORMAT="" TYPE="N" COST="" USE="N"/>
<Obs _TYPE_="PREDICTED" VARIABLE="P_GB1" LABEL="Predicted: GB=1" LEVEL="1" EVENT="" ORDER="" FORMAT="" TYPE="N" COST="" USE=""/>
<Obs _TYPE_="RESIDUAL" VARIABLE="R_GB1" LABEL="Residual: GB=1" LEVEL="1" EVENT="" ORDER="" FORMAT="" TYPE="N" COST="" USE=""/>
<Obs _TYPE_="PREDICTED" VARIABLE="P_GB0" LABEL="Predicted: GB=0" LEVEL="0" EVENT="" ORDER="" FORMAT="" TYPE="N" COST="" USE=""/>
<Obs _TYPE_="RESIDUAL" VARIABLE="R_GB0" LABEL="Residual: GB=0" LEVEL="0" EVENT="" ORDER="" FORMAT="" TYPE="N" COST="" USE=""/>
<Obs _TYPE_="FROM" VARIABLE="F_GB" LABEL="From: GB" LEVEL="" EVENT="" ORDER="" FORMAT="" TYPE="C" COST="" USE=""/>
<Obs _TYPE_="INTO" VARIABLE="I_GB" LABEL="Into: GB" LEVEL="" EVENT="" ORDER="" FORMAT="" TYPE="C" COST="" USE=""/>
<Obs _TYPE_="FREQ" VARIABLE="_freq_" LABEL="" LEVEL="BINARY" EVENT="" ORDER="" FORMAT="" TYPE="N" COST="" USE=""/>
</Data>
<Metadata>
<Variable NAME="_TYPE_" LABEL="Type" LENGTH="32" FORMAT="" TYPE="C"/>
<Variable NAME="VARIABLE" LABEL="Variable" LENGTH="32" FORMAT="" TYPE="C"/>
<Variable NAME="LABEL" LABEL="Label" LENGTH="40" FORMAT="" TYPE="C"/>
<Variable NAME="LEVEL" LABEL="Measurement Level" LENGTH="32" FORMAT="" TYPE="C"/>
<Variable NAME="EVENT" LABEL="Target Event" LENGTH="32" FORMAT="" TYPE="C"/>
<Variable NAME="ORDER" LABEL="Order" LENGTH="10" FORMAT="" TYPE="C"/>
<Variable NAME="FORMAT" LABEL="Format" LENGTH="32" FORMAT="" TYPE="C"/>
<Variable NAME="TYPE" LABEL="Type" LENGTH="1" FORMAT="" TYPE="C"/>
<Variable NAME="COST" LABEL="Cost" LENGTH="32" FORMAT="" TYPE="C"/>
<Variable NAME="USE" LABEL="Use" LENGTH="1" FORMAT="" TYPE="C"/>
</Metadata>
</DecMeta>
</GB>
</EmTargetAttributes>
<EmFileProperties>
<EMNOTES Type="EXTERNAL" Extension="txt">
<Data/>
</EMNOTES>
</EmFileProperties>
</PROPERTIES>
</NODE>
<NODE CLASS="SASHELP.EMSAMP.IDS.CLASS" COMPONENT="DataSource" ID="Ids2" X="688" Y="260" DESCRIPTION="CS_REJECTS" DIAGRAMID="_ROOT_" PARENTID="" TOOLTYPE="SAMPLE" TOOLPREFIX="Ids">
<PROPERTIES Component="DataSource" Description="" Role="SCORE" Library="SAMPSIO" Table="CS_REJECTS" ForceRun="N" ComputeStatistics="N" DataSource="" DataSelection="USERTABLE" NewTable="SAMPSIO.CS_REJECTS" OutputType="VIEW" MetaAdvisor="BASIC" ApplyIntervalLevelLowerLimit="Y" IntervalLowerLimit="20" ApplyMaxPercentMissing="Y" MaxPercentMissing="50" MaxClassLevels="20" IdentifyEmptyColumns="Y" VariableValidation="STRICT" NewVariableRole="REJECT" Sample="D" SampleSizeType="PERCENT" SampleSizePercent="20" SampleSizeObs="10000" DBPassThrough="Y" NObs="1500" NCols="26" NBytes="525312" Segment="">
<VariableProperties/>
<EmVariableAttributes>
<DELTA Variable="BUREAU" AttributeName="LEVEL" AttributeValue="NOMINAL"/>
<DELTA Variable="CHILDREN" AttributeName="LEVEL" AttributeValue="NOMINAL"/>
<DELTA Variable="DIV" AttributeName="LEVEL" AttributeValue="BINARY"/>
<DELTA Variable="EC_CARD" AttributeName="LEVEL" AttributeValue="BINARY"/>
<DELTA Variable="FINLOAN" AttributeName="LEVEL" AttributeValue="BINARY"/>
<DELTA Variable="INC" AttributeName="LEVEL" AttributeValue="NOMINAL"/>
<DELTA Variable="INC1" AttributeName="LEVEL" AttributeValue="NOMINAL"/>
<DELTA Variable="LOANS" AttributeName="LEVEL" AttributeValue="NOMINAL"/>
<DELTA Variable="LOCATION" AttributeName="LEVEL" AttributeValue="BINARY"/>
<DELTA Variable="NMBLOAN" AttributeName="LEVEL" AttributeValue="NOMINAL"/>
<DELTA Variable="PERS_H" AttributeName="LEVEL" AttributeValue="NOMINAL"/>
<DELTA Variable="REGN" AttributeName="LEVEL" AttributeValue="NOMINAL"/>
<DELTA Variable="RESID" AttributeName="LEVEL" AttributeValue="BINARY"/>
<DELTA Variable="TEL" AttributeName="LEVEL" AttributeValue="NOMINAL"/>
<DELTA Variable="TITLE" AttributeName="LEVEL" AttributeValue="BINARY"/>
</EmVariableAttributes>
<EmTargetAttributes/>
<EmFileProperties>
<EMNOTES Type="EXTERNAL" Extension="txt">
<Data/>
</EMNOTES>
</EmFileProperties>
</PROPERTIES>
</NODE>
<NODE CLASS="SASHELP.EMSAMP.EMDPART.CLASS" COMPONENT="Partition" ID="Part" X="523" Y="134" DESCRIPTION="Data Partition" DIAGRAMID="_ROOT_" PARENTID="" TOOLTYPE="SAMPLE" TOOLPREFIX="Part">
<PROPERTIES Method="DEFAULT" TrainPct="70" ValidatePct="30" TestPct="0" RandomSeed="12345" OutputType="DATA" IntervalDistribution="Y" ClassDistribution="Y" ForceRun="N" RunAction="Train" Component="Partition">
<VariableProperties/>
<EmVariableAttributes/>
<EmTargetAttributes/>
<EmFileProperties>
<EMNOTES Type="EXTERNAL" Extension="txt">
<Data/>
</EMNOTES>
</EmFileProperties>
</PROPERTIES>
</NODE>
<NODE CLASS="SASHELP.EMSAMP.EMDPART.CLASS" COMPONENT="Partition" ID="Part4" X="604" Y="387" DESCRIPTION="Data Partition" DIAGRAMID="_ROOT_" PARENTID="" TOOLTYPE="SAMPLE" TOOLPREFIX="Part">
<PROPERTIES Method="DEFAULT" TrainPct="70" ValidatePct="30" TestPct="0" RandomSeed="12345" OutputType="DATA" IntervalDistribution="Y" ClassDistribution="Y" ForceRun="N" RunAction="Train" Component="Partition">
<VariableProperties/>
<EmTargetAttributes/>
<EmFileProperties>
<EMNOTES Type="EXTERNAL" Extension="txt">
<Data/>
</EMNOTES>
</EmFileProperties>
</PROPERTIES>
</NODE>
<NODE CLASS="SASHELP.EMCORE.EXTENSION.CLASS" COMPONENT="RejectInference" ID="RejInf" X="604" Y="326" DESCRIPTION="Rej Inf Fuzzy" DIAGRAMID="_ROOT_" PARENTID="" TOOLTYPE="CREDSCORE" TOOLPREFIX="RejInf">
<PROPERTIES Location="CATALOG" Catalog="SASHELP.EMCREDIT.REJECTINFERENCE.SOURCE" DataNeeded="Y" RejectRate="0.3" RateIncrease="1" CutOffScore="200" MinScore="0" MaxScore="250" RandomSeed="12345" NumScoreBuckets="25" InferenceMethod="FUZZY" ScoreRangeMethod="ACCEPTS" ForceRun="N" RunAction="Train" Component="RejectInference">
<VariableProperties/>
<EmVariableAttributes/>
<EmTargetAttributes/>
<EmFileProperties>
<USERTRAINCODE Type="EXTERNAL" Extension="sas">
<Data/>
</USERTRAINCODE>
<EMNOTES Type="EXTERNAL" Extension="txt">
<Data/>
</EMNOTES>
</EmFileProperties>
</PROPERTIES>
</NODE>
<NODE CLASS="SASHELP.EMCREDIT.SCORECARD.CLASS" COMPONENT="Scorecard" ID="Scorecard" X="523" Y="260" DESCRIPTION="Scorecard" DIAGRAMID="_ROOT_" PARENTID="" TOOLTYPE="MODEL" TOOLPREFIX="Scorecard">
<PROPERTIES freeze="NONE" generateIntercept="N" reverseScore="N" useIndet="N" odds="50" scorecardPoints="200" pointsToDoubleOdds="20" scorecardType="DETAILED" noInfo="NEUTRAL" reportAdverse="N" numAdverse="3" numberOfBuckets="25" bucketMethod="MINMAX" revenueAcceptedGood="1000" costAcceptedBad="50000" currentApprovalRate="70" badRate="2.5" precision="0" generateCharacteristicAnalysis="N" displayNoInfo="N" ModelSelection="NONE" SelectionCriterion="DEFAULT" SelectionDefault="Y" SlEntry="0.05" SlStay="0.05" Start="0" Stop="0" Force="0" Hierarchy="CLASS" Rule="NONE" MaxStep="." analysisVariables="WOE" scoreOutvars="COMPLETE" ForceRun="N" RunAction="Train" Component="Scorecard">
<VariableProperties/>
<EmVariableAttributes/>
<EmTargetAttributes/>
<EmFileProperties>
<EMNOTES Type="EXTERNAL" Extension="txt">
<Data/>
</EMNOTES>
<MODELORDER Type="DATA">
<Data>
<Obs NAME="WOE_AGE" VARIABLE="WOE_AGE" KEY="1"/>
<Obs NAME="WOE_CARDS" VARIABLE="WOE_CARDS" KEY="2"/>
<Obs NAME="WOE_EC_CARD" VARIABLE="WOE_EC_CARD" KEY="3"/>
<Obs NAME="WOE_INC" VARIABLE="WOE_INC" KEY="4"/>
<Obs NAME="WOE_INC1" VARIABLE="WOE_INC1" KEY="5"/>
<Obs NAME="WOE_INCOME" VARIABLE="WOE_INCOME" KEY="6"/>
<Obs NAME="WOE_PERS_H" VARIABLE="WOE_PERS_H" KEY="7"/>
<Obs NAME="WOE_STATUS" VARIABLE="WOE_STATUS" KEY="8"/>
<Obs NAME="WOE_TMJOB1" VARIABLE="WOE_TMJOB1" KEY="9"/>
</Data>
<Metadata>
<Variable NAME="NAME" LABEL="Variable Name" LENGTH="64" FORMAT="" TYPE="C"/>
<Variable NAME="variable" LABEL="" LENGTH="32" FORMAT="" TYPE="C"/>
<Variable NAME="key" LABEL="" LENGTH="8" FORMAT="" TYPE="N"/>
</Metadata>
</MODELORDER>
<ADVERSEVAR Type="DATA">
<Data/>
<Metadata/>
</ADVERSEVAR>
<SCORECARD Type="DATA">
<Data>
<Obs _VARIABLE_="AGE" _GROUP_="-2" _LABEL_="Neutral Score" _WOE_="." MANUALWOE="." _PERCENT_="." _EVENT_RATE_="." SCORECARD_POINTS="21" _NO_INFO_="." _ESTIMATE_="." LABEL="Age"/>
<Obs _VARIABLE_="AGE" _GROUP_="1" _LABEL_="AGE&lt; 22" _WOE_="-1.127736" MANUALWOE="." _PERCENT_="3.5577129866" _EVENT_RATE_="9.3264248705" SCORECARD_POINTS="-2" _NO_INFO_="20.585971934" _ESTIMATE_="-0.682146769" LABEL="Age"/>
<Obs _VARIABLE_="AGE" _GROUP_="2" _LABEL_="22&lt;= AGE&lt; 28" _WOE_="-0.673794749" MANUALWOE="." _PERCENT_="19.539770807" _EVENT_RATE_="6.1320754717" SCORECARD_POINTS="7" _NO_INFO_="20.585971934" _ESTIMATE_="-0.682146769" LABEL="Age"/>
<Obs _VARIABLE_="AGE" _GROUP_="3" _LABEL_="28&lt;= AGE&lt; 31" _WOE_="-0.096263015" MANUALWOE="." _PERCENT_="11.46579004" _EVENT_RATE_="3.536977492" SCORECARD_POINTS="19" _NO_INFO_="20.585971934" _ESTIMATE_="-0.682146769" LABEL="Age"/>
<Obs _VARIABLE_="AGE" _GROUP_="4" _LABEL_="31&lt;= AGE&lt; 47, _MISSING_" _WOE_="0.3401715566" MANUALWOE="." _PERCENT_="44.723340195" _EVENT_RATE_="2.315037439" SCORECARD_POINTS="27" _NO_INFO_="20.585971934" _ESTIMATE_="-0.682146769" LABEL="Age"/>
<Obs _VARIABLE_="AGE" _GROUP_="5" _LABEL_="47&lt;= AGE" _WOE_="0.9950052999" MANUALWOE="." _PERCENT_="20.713385972" _EVENT_RATE_="1.2162563038" SCORECARD_POINTS="40" _NO_INFO_="20.585971934" _ESTIMATE_="-0.682146769" LABEL="Age"/>
<Obs _VARIABLE_="CARDS" _GROUP_="-2" _LABEL_="Neutral Score" _WOE_="." MANUALWOE="." _PERCENT_="." _EVENT_RATE_="." SCORECARD_POINTS="21" _NO_INFO_="." _ESTIMATE_="." LABEL="Credit Cards"/>
<Obs _VARIABLE_="CARDS" _GROUP_="1" _LABEL_="CHEQUE CARD, MASTERCARD/EUROC, OTHER CREDIT CAR" _WOE_="0.6463848098" MANUALWOE="." _PERCENT_="36.010322898" _EVENT_RATE_="1.7148707448" SCORECARD_POINTS="41" _NO_INFO_="20.585971934" _ESTIMATE_="-1.113389849" LABEL="Credit Cards"/>
<Obs _VARIABLE_="CARDS" _GROUP_="2" _LABEL_="AMERICAN EXPRESS, NO CREDIT CARDS, VISA MYBANK, VISA OTHERS, _MISSING_, _UNKNOWN_" _WOE_="-0.2425438" MANUALWOE="." _PERCENT_="63.989677102" _EVENT_RATE_="4.0714422892" SCORECARD_POINTS="13" _NO_INFO_="20.585971934" _ESTIMATE_="-1.113389849" LABEL="Credit Cards"/>
<Obs _VARIABLE_="EC_CARD" _GROUP_="-2" _LABEL_="Neutral Score" _WOE_="." MANUALWOE="." _PERCENT_="." _EVENT_RATE_="." SCORECARD_POINTS="21" _NO_INFO_="." _ESTIMATE_="." LABEL="EC_card holders"/>
<Obs _VARIABLE_="EC_CARD" _GROUP_="1" _LABEL_="0.00, _MISSING_, _UNKNOWN_" _WOE_="-0.211716784" MANUALWOE="." _PERCENT_="67.077329565" _EVENT_RATE_="3.9527321028" SCORECARD_POINTS="23" _NO_INFO_="20.585971934" _ESTIMATE_="0.4419612899" LABEL="EC_card holders"/>
<Obs _VARIABLE_="EC_CARD" _GROUP_="2" _LABEL_="1.00" _WOE_="0.634086715" MANUALWOE="." _PERCENT_="32.922670435" _EVENT_RATE_="1.7357222844" SCORECARD_POINTS="12" _NO_INFO_="20.585971934" _ESTIMATE_="0.4419612899" LABEL="EC_card holders"/>
<Obs _VARIABLE_="INC" _GROUP_="-2" _LABEL_="Neutral Score" _WOE_="." MANUALWOE="." _PERCENT_="." _EVENT_RATE_="." SCORECARD_POINTS="21" _NO_INFO_="." _ESTIMATE_="." LABEL="Salary"/>
<Obs _VARIABLE_="INC" _GROUP_="1" _LABEL_="2500.00, _MISSING_, _UNKNOWN_" _WOE_="-0.456101363" MANUALWOE="." _PERCENT_="36.185443485" _EVENT_RATE_="4.9923586347" SCORECARD_POINTS="29" _NO_INFO_="20.585971934" _ESTIMATE_="0.6412024048" LABEL="Salary"/>
<Obs _VARIABLE_="INC" _GROUP_="2" _LABEL_="100000.0" _WOE_="0.1762536214" MANUALWOE="." _PERCENT_="33.254477864" _EVENT_RATE_="2.7161862528" SCORECARD_POINTS="17" _NO_INFO_="20.585971934" _ESTIMATE_="0.6412024048" LABEL="Salary"/>
<Obs _VARIABLE_="INC" _GROUP_="3" _LABEL_="0.00" _WOE_="0.6679507342" MANUALWOE="." _PERCENT_="30.560078651" _EVENT_RATE_="1.6788981602" SCORECARD_POINTS="8" _NO_INFO_="20.585971934" _ESTIMATE_="0.6412024048" LABEL="Salary"/>
<Obs _VARIABLE_="INC1" _GROUP_="-2" _LABEL_="Neutral Score" _WOE_="." MANUALWOE="." _PERCENT_="." _EVENT_RATE_="." SCORECARD_POINTS="21" _NO_INFO_="." _ESTIMATE_="." LABEL="Salary+ec_card"/>
<Obs _VARIABLE_="INC1" _GROUP_="1" _LABEL_="0.00, 1.00, 3.00" _WOE_="0.6643373913" MANUALWOE="." _PERCENT_="33.186887462" _EVENT_RATE_="1.6848731716" SCORECARD_POINTS="30" _NO_INFO_="20.585971934" _ESTIMATE_="-0.476232626" LABEL="Salary+ec_card"/>
<Obs _VARIABLE_="INC1" _GROUP_="2" _LABEL_="4.00, 5.00" _WOE_="0.1762536214" MANUALWOE="." _PERCENT_="33.254477864" _EVENT_RATE_="2.7161862528" SCORECARD_POINTS="23" _NO_INFO_="20.585971934" _ESTIMATE_="-0.476232626" LABEL="Salary+ec_card"/>
<Obs _VARIABLE_="INC1" _GROUP_="3" _LABEL_="2.00, _MISSING_, _UNKNOWN_" _WOE_="-0.508294134" MANUALWOE="." _PERCENT_="33.558634674" _EVENT_RATE_="5.2458115902" SCORECARD_POINTS="14" _NO_INFO_="20.585971934" _ESTIMATE_="-0.476232626" LABEL="Salary+ec_card"/>
<Obs _VARIABLE_="INCOME" _GROUP_="-2" _LABEL_="Neutral Score" _WOE_="." MANUALWOE="." _PERCENT_="." _EVENT_RATE_="." SCORECARD_POINTS="21" _NO_INFO_="." _ESTIMATE_="." LABEL="Income"/>
<Obs _VARIABLE_="INCOME" _GROUP_="1" _LABEL_="INCOME&lt; 1500, _MISSING_" _WOE_="0.5695920237" MANUALWOE="." _PERCENT_="32.397308673" _EVENT_RATE_="1.8492176387" SCORECARD_POINTS="29" _NO_INFO_="20.585971934" _ESTIMATE_="-0.502432144" LABEL="Income"/>
<Obs _VARIABLE_="INCOME" _GROUP_="2" _LABEL_="1500&lt;= INCOME&lt; 2500" _WOE_="-0.5212894" MANUALWOE="." _PERCENT_="28.520077422" _EVENT_RATE_="5.310783152" SCORECARD_POINTS="13" _NO_INFO_="20.585971934" _ESTIMATE_="-0.502432144" LABEL="Income"/>
<Obs _VARIABLE_="INCOME" _GROUP_="3" _LABEL_="2500&lt;= INCOME&lt; 3000" _WOE_="-0.035638393" MANUALWOE="." _PERCENT_="16.209407355" _EVENT_RATE_="3.3358605004" SCORECARD_POINTS="20" _NO_INFO_="20.585971934" _ESTIMATE_="-0.502432144" LABEL="Income"/>
<Obs _VARIABLE_="INCOME" _GROUP_="4" _LABEL_="3000&lt;= INCOME&lt; 4000" _WOE_="0.4501823102" MANUALWOE="." _PERCENT_="15.813081815" _EVENT_RATE_="2.0788809015" SCORECARD_POINTS="27" _NO_INFO_="20.585971934" _ESTIMATE_="-0.502432144" LABEL="Income"/>
<Obs _VARIABLE_="INCOME" _GROUP_="5" _LABEL_="4000&lt;= INCOME" _WOE_="-0.053596568" MANUALWOE="." _PERCENT_="7.060124735" _EVENT_RATE_="3.3942558747" SCORECARD_POINTS="20" _NO_INFO_="20.585971934" _ESTIMATE_="-0.502432144" LABEL="Income"/>
<Obs _VARIABLE_="PERS_H" _GROUP_="-2" _LABEL_="Neutral Score" _WOE_="." MANUALWOE="." _PERCENT_="." _EVENT_RATE_="." SCORECARD_POINTS="21" _NO_INFO_="." _ESTIMATE_="." LABEL="Num in Household"/>
<Obs _VARIABLE_="PERS_H" _GROUP_="1" _LABEL_="2" _WOE_="0.3317529191" MANUALWOE="." _PERCENT_="25.0084488" _EVENT_RATE_="2.3341523342" SCORECARD_POINTS="21" _NO_INFO_="20.585971934" _ESTIMATE_="-0.005780304" LABEL="Num in Household"/>
<Obs _VARIABLE_="PERS_H" _GROUP_="2" _LABEL_="4, 5" _WOE_="0.3099384706" MANUALWOE="." _PERCENT_="23.321761037" _EVENT_RATE_="2.384402582" SCORECARD_POINTS="21" _NO_INFO_="20.585971934" _ESTIMATE_="-0.005780304" LABEL="Num in Household"/>
<Obs _VARIABLE_="PERS_H" _GROUP_="3" _LABEL_="3, 7" _WOE_="0.2111408804" MANUALWOE="." _PERCENT_="21.297121263" _EVENT_RATE_="2.6255049048" SCORECARD_POINTS="21" _NO_INFO_="20.585971934" _ESTIMATE_="-0.005780304" LABEL="Num in Household"/>
<Obs _VARIABLE_="PERS_H" _GROUP_="4" _LABEL_="1, 10, 25, 6, 8, _MISSING_, _UNKNOWN_" _WOE_="-0.461325571" MANUALWOE="." _PERCENT_="30.372668899" _EVENT_RATE_="5.0171960348" SCORECARD_POINTS="21" _NO_INFO_="20.585971934" _ESTIMATE_="-0.005780304" LABEL="Num in Household"/>
<Obs _VARIABLE_="STATUS" _GROUP_="-2" _LABEL_="Neutral Score" _WOE_="." MANUALWOE="." _PERCENT_="." _EVENT_RATE_="." SCORECARD_POINTS="21" _NO_INFO_="." _ESTIMATE_="." LABEL="Status"/>
<Obs _VARIABLE_="STATUS" _GROUP_="1" _LABEL_="T, U" _WOE_="-0.587939819" MANUALWOE="." _PERCENT_="27.159052505" _EVENT_RATE_="5.6561085973" SCORECARD_POINTS="14" _NO_INFO_="20.585971934" _ESTIMATE_="-0.371635016" LABEL="Status"/>
<Obs _VARIABLE_="STATUS" _GROUP_="2" _LABEL_="E, G" _WOE_="0.0516908987" MANUALWOE="." _PERCENT_="7.4165104919" _EVENT_RATE_="3.0654515327" SCORECARD_POINTS="21" _NO_INFO_="20.585971934" _ESTIMATE_="-0.371635016" LABEL="Status"/>
<Obs _VARIABLE_="STATUS" _GROUP_="3" _LABEL_="V, W, _MISSING_, _UNKNOWN_" _WOE_="0.3782043217" MANUALWOE="." _PERCENT_="65.424437003" _EVENT_RATE_="2.2305705565" SCORECARD_POINTS="25" _NO_INFO_="20.585971934" _ESTIMATE_="-0.371635016" LABEL="Status"/>
<Obs _VARIABLE_="TMJOB1" _GROUP_="-2" _LABEL_="Neutral Score" _WOE_="." MANUALWOE="." _PERCENT_="." _EVENT_RATE_="." SCORECARD_POINTS="21" _NO_INFO_="." _ESTIMATE_="." LABEL="Time at Job"/>
<Obs _VARIABLE_="TMJOB1" _GROUP_="1" _LABEL_="TMJOB1&lt; 18" _WOE_="-0.567041137" MANUALWOE="." _PERCENT_="17.174106731" _EVENT_RATE_="5.5456171735" SCORECARD_POINTS="11" _NO_INFO_="20.585971934" _ESTIMATE_="-0.580083347" LABEL="Time at Job"/>
<Obs _VARIABLE_="TMJOB1" _GROUP_="2" _LABEL_="18&lt;= TMJOB1&lt; 96, _MISSING_" _WOE_="-0.071614192" MANUALWOE="." _PERCENT_="49.546837076" _EVENT_RATE_="3.4538351832" SCORECARD_POINTS="19" _NO_INFO_="20.585971934" _ESTIMATE_="-0.580083347" LABEL="Time at Job"/>
<Obs _VARIABLE_="TMJOB1" _GROUP_="3" _LABEL_="96&lt;= TMJOB1&lt; 168" _WOE_="0.3651511995" MANUALWOE="." _PERCENT_="12.918983686" _EVENT_RATE_="2.25921522" SCORECARD_POINTS="27" _NO_INFO_="20.585971934" _ESTIMATE_="-0.580083347" LABEL="Time at Job"/>
<Obs _VARIABLE_="TMJOB1" _GROUP_="4" _LABEL_="168&lt;= TMJOB1&lt; 240" _WOE_="0.740050367" MANUALWOE="." _PERCENT_="10.018740975" _EVENT_RATE_="1.5639374425" SCORECARD_POINTS="33" _NO_INFO_="20.585971934" _ESTIMATE_="-0.580083347" LABEL="Time at Job"/>
<Obs _VARIABLE_="TMJOB1" _GROUP_="5" _LABEL_="240&lt;= TMJOB1" _WOE_="1.1250584281" MANUALWOE="." _PERCENT_="10.341331531" _EVENT_RATE_="1.0695187166" SCORECARD_POINTS="39" _NO_INFO_="20.585971934" _ESTIMATE_="-0.580083347" LABEL="Time at Job"/>
</Data>
<Metadata>
<Variable NAME="_variable_" LABEL="Variable" LENGTH="32" FORMAT="" TYPE="C"/>
<Variable NAME="_group_" LABEL="Group" LENGTH="8" FORMAT="" TYPE="N"/>
<Variable NAME="_label_" LABEL="Label" LENGTH="200" FORMAT="" TYPE="C"/>
<Variable NAME="_woe_" LABEL="Weight of Evidence" LENGTH="8" FORMAT="8.5" TYPE="N"/>
<Variable NAME="manualWoe" LABEL="" LENGTH="8" FORMAT="8.5" TYPE="N"/>
<Variable NAME="_percent_" LABEL="" LENGTH="8" FORMAT="" TYPE="N"/>
<Variable NAME="_event_rate_" LABEL="Event Rate GB = 1" LENGTH="8" FORMAT="" TYPE="N"/>
<Variable NAME="SCORECARD_POINTS" LABEL="Scorecard Points" LENGTH="8" FORMAT="" TYPE="N"/>
<Variable NAME="_no_info_" LABEL="" LENGTH="8" FORMAT="" TYPE="N"/>
<Variable NAME="_ESTIMATE_" LABEL="" LENGTH="8" FORMAT="" TYPE="N"/>
<Variable NAME="LABEL" LABEL="Label" LENGTH="200" FORMAT="" TYPE="C"/>
</Metadata>
</SCORECARD>
</EmFileProperties>
</PROPERTIES>
</NODE>
<NODE CLASS="SASHELP.EMCREDIT.SCORECARD.CLASS" COMPONENT="Scorecard" ID="Scorecard4" X="603" Y="516" DESCRIPTION="Scorecard" DIAGRAMID="_ROOT_" PARENTID="" TOOLTYPE="MODEL" TOOLPREFIX="Scorecard">
<PROPERTIES freeze="NONE" generateIntercept="N" reverseScore="N" useIndet="N" odds="50" scorecardPoints="200" pointsToDoubleOdds="20" scorecardType="DETAILED" noInfo="NEUTRAL" reportAdverse="N" numAdverse="3" numberOfBuckets="25" bucketMethod="MINMAX" revenueAcceptedGood="1000" costAcceptedBad="50000" currentApprovalRate="70" badRate="2.5" precision="0" generateCharacteristicAnalysis="N" displayNoInfo="N" ModelSelection="NONE" SelectionCriterion="DEFAULT" SelectionDefault="Y" SlEntry="0.05" SlStay="0.05" Start="0" Stop="0" Force="0" Hierarchy="CLASS" Rule="NONE" MaxStep="." analysisVariables="WOE" scoreOutvars="COMPLETE" ForceRun="N" RunAction="Train" Component="Scorecard">
<VariableProperties/>
<EmVariableAttributes/>
<EmTargetAttributes/>
<EmFileProperties>
<SCORECARD Type="DATA">
<Data>
<Obs _VARIABLE_="AGE" _GROUP_="-2" _LABEL_="Neutral Score" _WOE_="." MANUALWOE="." _PERCENT_="." _EVENT_RATE_="." SCORECARD_POINTS="16" _NO_INFO_="." _ESTIMATE_="." LABEL="Age"/>
<Obs _VARIABLE_="AGE" _GROUP_="1" _LABEL_="AGE&lt; 23" _WOE_="-1.259375937" MANUALWOE="." _PERCENT_="11.015754269" _EVENT_RATE_="13.315934142" SCORECARD_POINTS="-5" _NO_INFO_="16.157306001" _ESTIMATE_="-0.584629009" LABEL="Age"/>
<Obs _VARIABLE_="AGE" _GROUP_="2" _LABEL_="23&lt;= AGE&lt; 27" _WOE_="-0.421931894" MANUALWOE="." _PERCENT_="14.860273001" _EVENT_RATE_="6.2341778665" SCORECARD_POINTS="9" _NO_INFO_="16.157306001" _ESTIMATE_="-0.584629009" LABEL="Age"/>
<Obs _VARIABLE_="AGE" _GROUP_="3" _LABEL_="27&lt;= AGE&lt; 36, _MISSING_" _WOE_="0.1787561883" MANUALWOE="." _PERCENT_="31.68837683" _EVENT_RATE_="3.5180681029" SCORECARD_POINTS="19" _NO_INFO_="16.157306001" _ESTIMATE_="-0.584629009" LABEL="Age"/>
<Obs _VARIABLE_="AGE" _GROUP_="4" _LABEL_="36&lt;= AGE&lt; 45" _WOE_="0.7668174318" MANUALWOE="." _PERCENT_="20.662223704" _EVENT_RATE_="1.9849904525" SCORECARD_POINTS="29" _NO_INFO_="16.157306001" _ESTIMATE_="-0.584629009" LABEL="Age"/>
<Obs _VARIABLE_="AGE" _GROUP_="5" _LABEL_="45&lt;= AGE" _WOE_="1.2843624002" MANUALWOE="." _PERCENT_="21.773372196" _EVENT_RATE_="1.192583228" SCORECARD_POINTS="38" _NO_INFO_="16.157306001" _ESTIMATE_="-0.584629009" LABEL="Age"/>
<Obs _VARIABLE_="CARDS" _GROUP_="-2" _LABEL_="Neutral Score" _WOE_="." MANUALWOE="." _PERCENT_="." _EVENT_RATE_="." SCORECARD_POINTS="16" _NO_INFO_="." _ESTIMATE_="." LABEL="Credit Cards"/>
<Obs _VARIABLE_="CARDS" _GROUP_="1" _LABEL_="CHEQUE CARD, MASTERCARD/EUROC, OTHER CREDIT CAR, VISA OTHERS" _WOE_="1.0191667676" MANUALWOE="." _PERCENT_="31.036001456" _EVENT_RATE_="1.549150037" SCORECARD_POINTS="59" _NO_INFO_="16.157306001" _ESTIMATE_="-1.444468775" LABEL="Credit Cards"/>
<Obs _VARIABLE_="CARDS" _GROUP_="2" _LABEL_="AMERICAN EXPRESS, NO CREDIT CARDS, VISA CITIBANK, VISA MYBANK, _MISSING_, _UNKNOWN_" _WOE_="-0.261749695" MANUALWOE="." _PERCENT_="68.963998544" _EVENT_RATE_="5.360912526" SCORECARD_POINTS="5" _NO_INFO_="16.157306001" _ESTIMATE_="-1.444468775" LABEL="Credit Cards"/>
<Obs _VARIABLE_="EC_CARD" _GROUP_="-2" _LABEL_="Neutral Score" _WOE_="." MANUALWOE="." _PERCENT_="." _EVENT_RATE_="." SCORECARD_POINTS="16" _NO_INFO_="." _ESTIMATE_="." LABEL="EC_card holders"/>
<Obs _VARIABLE_="EC_CARD" _GROUP_="1" _LABEL_="0.00, _MISSING_, _UNKNOWN_" _WOE_="-0.221462946" MANUALWOE="." _PERCENT_="72.435381806" _EVENT_RATE_="5.1601543697" SCORECARD_POINTS="22" _NO_INFO_="16.157306001" _ESTIMATE_="0.9295338725" LABEL="EC_card holders"/>
<Obs _VARIABLE_="EC_CARD" _GROUP_="2" _LABEL_="1.00" _WOE_="0.9884695802" MANUALWOE="." _PERCENT_="27.564618194" _EVENT_RATE_="1.5966712899" SCORECARD_POINTS="-10" _NO_INFO_="16.157306001" _ESTIMATE_="0.9295338725" LABEL="EC_card holders"/>
<Obs _VARIABLE_="INC" _GROUP_="-2" _LABEL_="Neutral Score" _WOE_="." MANUALWOE="." _PERCENT_="." _EVENT_RATE_="." SCORECARD_POINTS="16" _NO_INFO_="." _ESTIMATE_="." LABEL="Salary"/>
<Obs _VARIABLE_="INC" _GROUP_="1" _LABEL_="2500.00, _MISSING_, _UNKNOWN_" _WOE_="-0.417167528" MANUALWOE="." _PERCENT_="44.962824085" _EVENT_RATE_="6.2063805184" SCORECARD_POINTS="33" _NO_INFO_="16.157306001" _ESTIMATE_="1.4112589787" LABEL="Salary"/>
<Obs _VARIABLE_="INC" _GROUP_="2" _LABEL_="100000.0" _WOE_="0.286220708" MANUALWOE="." _PERCENT_="29.852060962" _EVENT_RATE_="3.1709765993" SCORECARD_POINTS="5" _NO_INFO_="16.157306001" _ESTIMATE_="1.4112589787" LABEL="Salary"/>
<Obs _VARIABLE_="INC" _GROUP_="3" _LABEL_="0.00" _WOE_="0.8952404668" MANUALWOE="." _PERCENT_="25.185114953" _EVENT_RATE_="1.7499544599" SCORECARD_POINTS="-20" _NO_INFO_="16.157306001" _ESTIMATE_="1.4112589787" LABEL="Salary"/>
<Obs _VARIABLE_="INC1" _GROUP_="-2" _LABEL_="Neutral Score" _WOE_="." MANUALWOE="." _PERCENT_="." _EVENT_RATE_="." SCORECARD_POINTS="16" _NO_INFO_="." _ESTIMATE_="." LABEL="Salary+ec_card"/>
<Obs _VARIABLE_="INC1" _GROUP_="1" _LABEL_="1.00, 3.00, 5.00" _WOE_="0.9884695802" MANUALWOE="." _PERCENT_="27.564618194" _EVENT_RATE_="1.5966712899" SCORECARD_POINTS="45" _NO_INFO_="16.157306001" _ESTIMATE_="-0.996235195" LABEL="Salary+ec_card"/>
<Obs _VARIABLE_="INC1" _GROUP_="2" _LABEL_="0.00, 4.00" _WOE_="0.275746463" MANUALWOE="." _PERCENT_="30.238347927" _EVENT_RATE_="3.2032933132" SCORECARD_POINTS="24" _NO_INFO_="16.157306001" _ESTIMATE_="-0.996235195" LABEL="Salary+ec_card"/>
<Obs _VARIABLE_="INC1" _GROUP_="3" _LABEL_="2.00, _MISSING_, _UNKNOWN_" _WOE_="-0.476755366" MANUALWOE="." _PERCENT_="42.197033879" _EVENT_RATE_="6.5624388441" SCORECARD_POINTS="2" _NO_INFO_="16.157306001" _ESTIMATE_="-0.996235195" LABEL="Salary+ec_card"/>
<Obs _VARIABLE_="INCOME" _GROUP_="-2" _LABEL_="Neutral Score" _WOE_="." MANUALWOE="." _PERCENT_="." _EVENT_RATE_="." SCORECARD_POINTS="16" _NO_INFO_="." _ESTIMATE_="." LABEL="Income"/>
<Obs _VARIABLE_="INCOME" _GROUP_="1" _LABEL_="INCOME&lt; 1500" _WOE_="0.6855125129" MANUALWOE="." _PERCENT_="28.286727082" _EVENT_RATE_="2.1495145211" SCORECARD_POINTS="28" _NO_INFO_="16.157306001" _ESTIMATE_="-0.613832535" LABEL="Income"/>
<Obs _VARIABLE_="INCOME" _GROUP_="2" _LABEL_="1500&lt;= INCOME&lt; 1600" _WOE_="-0.604170103" MANUALWOE="." _PERCENT_="6.5240595916" _EVENT_RATE_="7.3883080962" SCORECARD_POINTS="5" _NO_INFO_="16.157306001" _ESTIMATE_="-0.613832535" LABEL="Income"/>
<Obs _VARIABLE_="INCOME" _GROUP_="3" _LABEL_="1600&lt;= INCOME&lt; 1800" _WOE_="-1.234082311" MANUALWOE="." _PERCENT_="3.9561535239" _EVENT_RATE_="13.026671821" SCORECARD_POINTS="-6" _NO_INFO_="16.157306001" _ESTIMATE_="-0.613832535" LABEL="Income"/>
<Obs _VARIABLE_="INCOME" _GROUP_="4" _LABEL_="1800&lt;= INCOME&lt; 3000, _MISSING_" _WOE_="-0.177893204" MANUALWOE="." _PERCENT_="41.932474714" _EVENT_RATE_="4.9510583361" SCORECARD_POINTS="13" _NO_INFO_="16.157306001" _ESTIMATE_="-0.613832535" LABEL="Income"/>
<Obs _VARIABLE_="INCOME" _GROUP_="5" _LABEL_="3000&lt;= INCOME" _WOE_="0.5017784418" MANUALWOE="." _PERCENT_="19.300585089" _EVENT_RATE_="2.5719039696" SCORECARD_POINTS="25" _NO_INFO_="16.157306001" _ESTIMATE_="-0.613832535" LABEL="Income"/>
<Obs _VARIABLE_="PERS_H" _GROUP_="-2" _LABEL_="Neutral Score" _WOE_="." MANUALWOE="." _PERCENT_="." _EVENT_RATE_="." SCORECARD_POINTS="16" _NO_INFO_="." _ESTIMATE_="." LABEL="Num in Household"/>
<Obs _VARIABLE_="PERS_H" _GROUP_="1" _LABEL_="1, 10, 11, 25, 8, _MISSING_, _UNKNOWN_" _WOE_="-0.628531122" MANUALWOE="." _PERCENT_="31.601821635" _EVENT_RATE_="7.5567384467" SCORECARD_POINTS="13" _NO_INFO_="16.157306001" _ESTIMATE_="-0.182478764" LABEL="Num in Household"/>
<Obs _VARIABLE_="PERS_H" _GROUP_="2" _LABEL_="5, 6" _WOE_="0.3554681465" MANUALWOE="." _PERCENT_="5.7453686854" _EVENT_RATE_="2.9651317541" SCORECARD_POINTS="18" _NO_INFO_="16.157306001" _ESTIMATE_="-0.182478764" LABEL="Num in Household"/>
<Obs _VARIABLE_="PERS_H" _GROUP_="3" _LABEL_="4" _WOE_="0.3879042389" MANUALWOE="." _PERCENT_="16.276046844" _EVENT_RATE_="2.8731960313" SCORECARD_POINTS="18" _NO_INFO_="16.157306001" _ESTIMATE_="-0.182478764" LABEL="Num in Household"/>
<Obs _VARIABLE_="PERS_H" _GROUP_="4" _LABEL_="3" _WOE_="0.4723562116" MANUALWOE="." _PERCENT_="20.361574387" _EVENT_RATE_="2.6466788837" SCORECARD_POINTS="19" _NO_INFO_="16.157306001" _ESTIMATE_="-0.182478764" LABEL="Num in Household"/>
<Obs _VARIABLE_="PERS_H" _GROUP_="5" _LABEL_="2, 7" _WOE_="0.5916707057" MANUALWOE="." _PERCENT_="26.015188449" _EVENT_RATE_="2.3560117095" SCORECARD_POINTS="19" _NO_INFO_="16.157306001" _ESTIMATE_="-0.182478764" LABEL="Num in Household"/>
<Obs _VARIABLE_="PROF" _GROUP_="-2" _LABEL_="Neutral Score" _WOE_="." MANUALWOE="." _PERCENT_="." _EVENT_RATE_="." SCORECARD_POINTS="16" _NO_INFO_="." _ESTIMATE_="." LABEL="Profession"/>
<Obs _VARIABLE_="PROF" _GROUP_="1" _LABEL_="CHEMICAL INDUSTR, MILITARY SERVICE, SEA VOJAGE, GAST, SELF-EMPLOYED PE" _WOE_="-0.48328739" MANUALWOE="." _PERCENT_="5.188112271" _EVENT_RATE_="6.6026056712" SCORECARD_POINTS="9" _NO_INFO_="16.157306001" _ESTIMATE_="-0.541277623" LABEL="Profession"/>
<Obs _VARIABLE_="PROF" _GROUP_="2" _LABEL_="OTHERS, _MISSING_, _UNKNOWN_" _WOE_="-0.089816235" MANUALWOE="." _PERCENT_="69.155765708" _EVENT_RATE_="4.5526312298" SCORECARD_POINTS="15" _NO_INFO_="16.157306001" _ESTIMATE_="-0.541277623" LABEL="Profession"/>
<Obs _VARIABLE_="PROF" _GROUP_="3" _LABEL_="FOOD,BUILDING,CA" _WOE_="-0.078247938" MANUALWOE="." _PERCENT_="8.7625665603" _EVENT_RATE_="4.5026178011" SCORECARD_POINTS="15" _NO_INFO_="16.157306001" _ESTIMATE_="-0.541277623" LABEL="Profession"/>
<Obs _VARIABLE_="PROF" _GROUP_="4" _LABEL_="CIVIL SERVICE, M" _WOE_="0.7149616459" MANUALWOE="." _PERCENT_="9.592334207" _EVENT_RATE_="2.0884481714" SCORECARD_POINTS="27" _NO_INFO_="16.157306001" _ESTIMATE_="-0.541277623" LABEL="Profession"/>
<Obs _VARIABLE_="PROF" _GROUP_="5" _LABEL_="PENSIONER, STATE,STEEL IND," _WOE_="1.227975793" MANUALWOE="." _PERCENT_="7.301221254" _EVENT_RATE_="1.2608914209" SCORECARD_POINTS="35" _NO_INFO_="16.157306001" _ESTIMATE_="-0.541277623" LABEL="Profession"/>
<Obs _VARIABLE_="STATUS" _GROUP_="-2" _LABEL_="Neutral Score" _WOE_="." MANUALWOE="." _PERCENT_="." _EVENT_RATE_="." SCORECARD_POINTS="16" _NO_INFO_="." _ESTIMATE_="." LABEL="Status"/>
<Obs _VARIABLE_="STATUS" _GROUP_="1" _LABEL_="U" _WOE_="-0.722408741" MANUALWOE="." _PERCENT_="30.390966452" _EVENT_RATE_="8.2392367611" SCORECARD_POINTS="10" _NO_INFO_="16.157306001" _ESTIMATE_="-0.308086993" LABEL="Status"/>
<Obs _VARIABLE_="STATUS" _GROUP_="2" _LABEL_="E, G, T" _WOE_="0.3352114506" MANUALWOE="." _PERCENT_="8.768989384" _EVENT_RATE_="3.0239614942" SCORECARD_POINTS="19" _NO_INFO_="16.157306001" _ESTIMATE_="-0.308086993" LABEL="Status"/>
<Obs _VARIABLE_="STATUS" _GROUP_="3" _LABEL_="V, W, _MISSING_, _UNKNOWN_" _WOE_="0.6094397619" MANUALWOE="." _PERCENT_="60.840044164" _EVENT_RATE_="2.3154804396" SCORECARD_POINTS="22" _NO_INFO_="16.157306001" _ESTIMATE_="-0.308086993" LABEL="Status"/>
<Obs _VARIABLE_="TMADD" _GROUP_="-2" _LABEL_="Neutral Score" _WOE_="." MANUALWOE="." _PERCENT_="." _EVENT_RATE_="." SCORECARD_POINTS="16" _NO_INFO_="." _ESTIMATE_="." LABEL="Time at Address"/>
<Obs _VARIABLE_="TMADD" _GROUP_="1" _LABEL_="TMADD&lt; 9" _WOE_="-0.314955957" MANUALWOE="." _PERCENT_="12.505543509" _EVENT_RATE_="5.637350812" SCORECARD_POINTS="13" _NO_INFO_="16.157306001" _ESTIMATE_="-0.376824718" LABEL="Time at Address"/>
<Obs _VARIABLE_="TMADD" _GROUP_="2" _LABEL_="9&lt;= TMADD&lt; 18" _WOE_="-0.617879168" MANUALWOE="." _PERCENT_="10.267648237" _EVENT_RATE_="7.4826487147" SCORECARD_POINTS="9" _NO_INFO_="16.157306001" _ESTIMATE_="-0.376824718" LABEL="Time at Address"/>
<Obs _VARIABLE_="TMADD" _GROUP_="3" _LABEL_="18&lt;= TMADD&lt; 60" _WOE_="-0.002046672" MANUALWOE="." _PERCENT_="27.099116403" _EVENT_RATE_="4.1860885072" SCORECARD_POINTS="16" _NO_INFO_="16.157306001" _ESTIMATE_="-0.376824718" LABEL="Time at Address"/>
<Obs _VARIABLE_="TMADD" _GROUP_="4" _LABEL_="60&lt;= TMADD&lt; 84" _WOE_="0.5519255068" MANUALWOE="." _PERCENT_="7.6300086555" _EVENT_RATE_="2.4491922876" SCORECARD_POINTS="22" _NO_INFO_="16.157306001" _ESTIMATE_="-0.376824718" LABEL="Time at Address"/>
<Obs _VARIABLE_="TMADD" _GROUP_="5" _LABEL_="84&lt;= TMADD, _MISSING_" _WOE_="0.2591595339" MANUALWOE="." _PERCENT_="42.497683196" _EVENT_RATE_="3.2551277438" SCORECARD_POINTS="19" _NO_INFO_="16.157306001" _ESTIMATE_="-0.376824718" LABEL="Time at Address"/>
<Obs _VARIABLE_="TMJOB1" _GROUP_="-2" _LABEL_="Neutral Score" _WOE_="." MANUALWOE="." _PERCENT_="." _EVENT_RATE_="." SCORECARD_POINTS="16" _NO_INFO_="." _ESTIMATE_="." LABEL="Time at Job"/>
<Obs _VARIABLE_="TMJOB1" _GROUP_="1" _LABEL_="TMJOB1&lt; 12" _WOE_="-0.810118942" MANUALWOE="." _PERCENT_="13.478142519" _EVENT_RATE_="8.9271126441" SCORECARD_POINTS="8" _NO_INFO_="16.157306001" _ESTIMATE_="-0.348682839" LABEL="Time at Job"/>
<Obs _VARIABLE_="TMJOB1" _GROUP_="2" _LABEL_="12&lt;= TMJOB1&lt; 27" _WOE_="-0.169306452" MANUALWOE="." _PERCENT_="20.845427103" _EVENT_RATE_="4.9107928869" SCORECARD_POINTS="14" _NO_INFO_="16.157306001" _ESTIMATE_="-0.348682839" LABEL="Time at Job"/>
<Obs _VARIABLE_="TMJOB1" _GROUP_="3" _LABEL_="27&lt;= TMJOB1&lt; 84, _MISSING_" _WOE_="0.0610042441" MANUALWOE="." _PERCENT_="33.554665876" _EVENT_RATE_="3.9403882964" SCORECARD_POINTS="17" _NO_INFO_="16.157306001" _ESTIMATE_="-0.348682839" LABEL="Time at Job"/>
<Obs _VARIABLE_="TMJOB1" _GROUP_="4" _LABEL_="84&lt;= TMJOB1&lt; 288" _WOE_="0.6395281331" MANUALWOE="." _PERCENT_="25.015980597" _EVENT_RATE_="2.2483861502" SCORECARD_POINTS="23" _NO_INFO_="16.157306001" _ESTIMATE_="-0.348682839" LABEL="Time at Job"/>
<Obs _VARIABLE_="TMJOB1" _GROUP_="5" _LABEL_="288&lt;= TMJOB1" _WOE_="1.5313613997" MANUALWOE="." _PERCENT_="7.1057839056" _EVENT_RATE_="0.93401627" SCORECARD_POINTS="32" _NO_INFO_="16.157306001" _ESTIMATE_="-0.348682839" LABEL="Time at Job"/>
</Data>
<Metadata>
<Variable NAME="_variable_" LABEL="Variable" LENGTH="32" FORMAT="" TYPE="C"/>
<Variable NAME="_group_" LABEL="Group" LENGTH="8" FORMAT="" TYPE="N"/>
<Variable NAME="_label_" LABEL="Label" LENGTH="200" FORMAT="" TYPE="C"/>
<Variable NAME="_woe_" LABEL="Weight of Evidence" LENGTH="8" FORMAT="8.5" TYPE="N"/>
<Variable NAME="manualWoe" LABEL="" LENGTH="8" FORMAT="8.5" TYPE="N"/>
<Variable NAME="_percent_" LABEL="" LENGTH="8" FORMAT="" TYPE="N"/>
<Variable NAME="_event_rate_" LABEL="Event Rate GB = 1" LENGTH="8" FORMAT="" TYPE="N"/>
<Variable NAME="SCORECARD_POINTS" LABEL="Scorecard Points" LENGTH="8" FORMAT="" TYPE="N"/>
<Variable NAME="_no_info_" LABEL="" LENGTH="8" FORMAT="" TYPE="N"/>
<Variable NAME="_ESTIMATE_" LABEL="" LENGTH="8" FORMAT="" TYPE="N"/>
<Variable NAME="LABEL" LABEL="Label" LENGTH="200" FORMAT="" TYPE="C"/>
</Metadata>
</SCORECARD>
<ADVERSEVAR Type="DATA">
<Data/>
<Metadata/>
</ADVERSEVAR>
<MODELORDER Type="DATA">
<Data>
<Obs NAME="WOE_AGE" VARIABLE="WOE_AGE" KEY="1"/>
<Obs NAME="WOE_CARDS" VARIABLE="WOE_CARDS" KEY="2"/>
<Obs NAME="WOE_EC_CARD" VARIABLE="WOE_EC_CARD" KEY="3"/>
<Obs NAME="WOE_INC" VARIABLE="WOE_INC" KEY="4"/>
<Obs NAME="WOE_INC1" VARIABLE="WOE_INC1" KEY="5"/>
<Obs NAME="WOE_INCOME" VARIABLE="WOE_INCOME" KEY="6"/>
<Obs NAME="WOE_PERS_H" VARIABLE="WOE_PERS_H" KEY="7"/>
<Obs NAME="WOE_STATUS" VARIABLE="WOE_STATUS" KEY="8"/>
<Obs NAME="WOE_TMJOB1" VARIABLE="WOE_TMJOB1" KEY="9"/>
</Data>
<Metadata>
<Variable NAME="NAME" LABEL="Variable Name" LENGTH="64" FORMAT="" TYPE="C"/>
<Variable NAME="variable" LABEL="" LENGTH="32" FORMAT="" TYPE="C"/>
<Variable NAME="key" LABEL="" LENGTH="8" FORMAT="" TYPE="N"/>
</Metadata>
</MODELORDER>
<EMNOTES Type="EXTERNAL" Extension="txt">
<Data/>
</EMNOTES>
</EmFileProperties>
</PROPERTIES>
</NODE>
</NODES>
<CONNECTIONS>
<CONNECTION FROM="Ids" TO="Part"/>
<CONNECTION FROM="Part" TO="IGN"/>
<CONNECTION FROM="IGN" TO="Scorecard"/>
<CONNECTION FROM="Part4" TO="IGN4"/>
<CONNECTION FROM="IGN4" TO="Scorecard4"/>
<CONNECTION FROM="RejInf" TO="Part4"/>
<CONNECTION FROM="Ids2" TO="RejInf"/>
<CONNECTION FROM="Scorecard" TO="RejInf"/>
</CONNECTIONS>
<NOTES>
<DATA><![CDATA[

]]>
</DATA>
</NOTES>
</Workspace>
</_ROOT_>
