<?xml version="1.0" encoding="UTF-8"?>
<_ROOT_ EMVERSION="12.1" ORIENTATION="HORIZONTAL">
<Workspace>
<NODES>
<NODE CLASS="SASHELP.EMCORE.EXTENSION.CLASS" COMPONENT="IGN" ID="IGN" X="474" Y="66" DESCRIPTION="Interactive Grouping" DIAGRAMID="_ROOT_" PARENTID="" TOOLTYPE="CREDSCORE" TOOLPREFIX="IGN">
<PROPERTIES Location="CATALOG" Catalog="SASHELP.EMCREDIT.IGN.SOURCE" ApplyLevelRule="N" BinMethod="QUANTILE" NumBins="20" UseCodes="N" Freeze="N" ImportWoe="NONE" WoeAdjust="Y" AdjustFactor="0.5" ApplyMinDist="Y" MinDistMethod="PERCENT" MinPercentDist="5" MinCountDist="." Criterion="ENTROPY" MissingValue="SEPARATEIFANY" MinCatSize="5" MaxBranch="5" Precision="2" GroupInt="OPTIMAL" GroupOrd="OPTIMAL" CreateGrouping="N" CreateMethod="OVERWRITE" ImportGrouping="N" VarSelMethod="INFOVAL" GiniCutoff="20" InfoValCutoff="0.1" GrpMsmnt="ORDINAL" MaxVar="10" ApplyMonotonicity="Y" ApplyMinNumNonEvent="Y" ApplyMinNumEvent="Y" ApplyMaxBinTotal="Y" ApplyMinBinDiff="Y" ApplyMinNumBins="Y" MinNumNonEvent="1" MinNumEvent="1" MaxBinTotal="23250" MinBinDiff="0.01" MinNumBins="2" ForceRun="N" RunAction="Train" Component="IGN" CodesData="" ImportData="" DataNeeded="Y" ApplyMaxBinWidth="N" MaxBinWidth="." ApplyMinBinWidth="N" MinBinWidth="." INTTARGETMETHOD="DUPFREQ" RandomSeed="12345" USERCUTVALUE="0.2">
<VariableProperties/>
<EmTargetAttributes/>
<EmFileProperties>
<USERTRAINCODE Type="EXTERNAL" Extension="sas">
<Data/>
</USERTRAINCODE>
<EMNOTES Type="EXTERNAL" Extension="txt">
<Data/>
</EMNOTES>
</EmFileProperties>
</PROPERTIES>
</NODE>
<NODE CLASS="SASHELP.EMSAMP.IDS.CLASS" COMPONENT="DataSource" ID="Ids" X="78" Y="66" DESCRIPTION="CS_ACCEPTS" DIAGRAMID="_ROOT_" PARENTID="" TOOLTYPE="SAMPLE" TOOLPREFIX="Ids">
<PROPERTIES DataSource="csaccepts" Scope="LOCAL" Role="RAW" Library="SAMPSIO" Table="CS_ACCEPTS" NCols="28" NObs="3000" NBytes="1082368" Segment="" DataSourceRole="RAW" OutputType="VIEW" ForceRun="N" ComputeStatistics="N" DataSelection="DATASOURCE" NewTable="" MetaAdvisor="BASIC" ApplyIntervalLevelLowerLimit="Y" IntervalLowerLimit="20" ApplyMaxPercentMissing="Y" MaxPercentMissing="50" ApplyMaxClassLevels="Y" MaxClassLevels="20" IdentifyEmptyColumns="Y" VariableValidation="STRICT" NewVariableRole="REJECT" DropMapVariables="Y" DsId="csaccepts" DsSampleName="" DsSampleSizeType="" DsSampleSize="" DsCreatedBy="mimmal" DsCreateDate="1664190232" DsModifiedBy="mimmal" DsModifyDate="1664190232" DsScope="LOCAL" Sample="D" SampleSizeType="PERCENT" SampleSizePercent="20" SampleSizeObs="10000" DBPassThrough="Y" RunAction="Train" Component="DataSource" Description="">
<VariableProperties/>
<EmVariableAttributes>
<DELTA Variable="BUREAU" AttributeName="LEVEL" AttributeValue="NOMINAL"/>
<DELTA Variable="CHILDREN" AttributeName="LEVEL" AttributeValue="NOMINAL"/>
<DELTA Variable="DIV" AttributeName="LEVEL" AttributeValue="BINARY"/>
<DELTA Variable="EC_CARD" AttributeName="LEVEL" AttributeValue="BINARY"/>
<DELTA Variable="FINLOAN" AttributeName="LEVEL" AttributeValue="BINARY"/>
<DELTA Variable="GB" AttributeName="ROLE" AttributeValue="TARGET"/>
<DELTA Variable="GB" AttributeName="LEVEL" AttributeValue="BINARY"/>
<DELTA Variable="INC" AttributeName="LEVEL" AttributeValue="NOMINAL"/>
<DELTA Variable="INC1" AttributeName="LEVEL" AttributeValue="NOMINAL"/>
<DELTA Variable="LOANS" AttributeName="LEVEL" AttributeValue="NOMINAL"/>
<DELTA Variable="LOCATION" AttributeName="LEVEL" AttributeValue="BINARY"/>
<DELTA Variable="NMBLOAN" AttributeName="LEVEL" AttributeValue="NOMINAL"/>
<DELTA Variable="PERS_H" AttributeName="LEVEL" AttributeValue="NOMINAL"/>
<DELTA Variable="REGN" AttributeName="LEVEL" AttributeValue="NOMINAL"/>
<DELTA Variable="RESID" AttributeName="LEVEL" AttributeValue="BINARY"/>
<DELTA Variable="TEL" AttributeName="LEVEL" AttributeValue="NOMINAL"/>
<DELTA Variable="TITLE" AttributeName="LEVEL" AttributeValue="BINARY"/>
<DELTA Variable="_freq_" AttributeName="ROLE" AttributeValue="FREQ"/>
<DELTA Variable="_freq_" AttributeName="LEVEL" AttributeValue="BINARY"/>
</EmVariableAttributes>
<EmTargetAttributes>
<GB>
<DecData Table="EMWS10.Ids_GB_DD">
<Data>
<Obs GB="1" COUNT="1500" DATAPRIOR="0.0322580645" TRAINPRIOR="0.0322580645" DECPRIOR="." DECISION1="1" DECISION2="0"/>
<Obs GB="0" COUNT="45000" DATAPRIOR="0.9677419355" TRAINPRIOR="0.9677419355" DECPRIOR="." DECISION1="0" DECISION2="1"/>
</Data>
<Metadata>
<Variable NAME="GB" LABEL="" LENGTH="32" FORMAT="" TYPE="C"/>
<Variable NAME="COUNT" LABEL="Level Counts" LENGTH="8" FORMAT="10." TYPE="N"/>
<Variable NAME="DATAPRIOR" LABEL="Data Proportions" LENGTH="8" FORMAT="" TYPE="N"/>
<Variable NAME="TRAINPRIOR" LABEL="Training Proportions" LENGTH="8" FORMAT="" TYPE="N"/>
<Variable NAME="DECPRIOR" LABEL="Decision Priors" LENGTH="8" FORMAT="" TYPE="N"/>
<Variable NAME="DECISION1" LABEL="1" LENGTH="8" FORMAT="" TYPE="N"/>
<Variable NAME="DECISION2" LABEL="0" LENGTH="8" FORMAT="" TYPE="N"/>
</Metadata>
</DecData>
<DecMeta Table="EMWS10.Ids_GB_DM">
<Data>
<Obs _TYPE_="MATRIX" VARIABLE="" LABEL="" LEVEL="PROFIT" EVENT="" ORDER="" FORMAT="" TYPE="" COST="" USE="N"/>
<Obs _TYPE_="TARGET" VARIABLE="GB" LABEL="Good/Bad" LEVEL="BINARY" EVENT="1" ORDER="" FORMAT="BEST12.0" TYPE="N" COST="" USE=""/>
<Obs _TYPE_="DECISION" VARIABLE="DECISION1" LABEL="1" LEVEL="" EVENT="" ORDER="" FORMAT="" TYPE="N" COST="" USE="Y"/>
<Obs _TYPE_="DECISION" VARIABLE="DECISION2" LABEL="0" LEVEL="" EVENT="" ORDER="" FORMAT="" TYPE="N" COST="" USE="Y"/>
<Obs _TYPE_="DATAPRIOR" VARIABLE="DATAPRIOR" LABEL="Data Prior" LEVEL="" EVENT="" ORDER="" FORMAT="" TYPE="N" COST="" USE="N"/>
<Obs _TYPE_="TRAINPRIOR" VARIABLE="TRAINPRIOR" LABEL="Training Prior" LEVEL="" EVENT="" ORDER="" FORMAT="" TYPE="N" COST="" USE="N"/>
<Obs _TYPE_="DECPRIOR" VARIABLE="DECPRIOR" LABEL="Decision Prior" LEVEL="" EVENT="" ORDER="" FORMAT="" TYPE="N" COST="" USE="N"/>
<Obs _TYPE_="PREDICTED" VARIABLE="P_GB1" LABEL="Predicted: GB=1" LEVEL="1" EVENT="" ORDER="" FORMAT="" TYPE="N" COST="" USE=""/>
<Obs _TYPE_="RESIDUAL" VARIABLE="R_GB1" LABEL="Residual: GB=1" LEVEL="1" EVENT="" ORDER="" FORMAT="" TYPE="N" COST="" USE=""/>
<Obs _TYPE_="PREDICTED" VARIABLE="P_GB0" LABEL="Predicted: GB=0" LEVEL="0" EVENT="" ORDER="" FORMAT="" TYPE="N" COST="" USE=""/>
<Obs _TYPE_="RESIDUAL" VARIABLE="R_GB0" LABEL="Residual: GB=0" LEVEL="0" EVENT="" ORDER="" FORMAT="" TYPE="N" COST="" USE=""/>
<Obs _TYPE_="FROM" VARIABLE="F_GB" LABEL="From: GB" LEVEL="" EVENT="" ORDER="" FORMAT="" TYPE="C" COST="" USE=""/>
<Obs _TYPE_="INTO" VARIABLE="I_GB" LABEL="Into: GB" LEVEL="" EVENT="" ORDER="" FORMAT="" TYPE="C" COST="" USE=""/>
<Obs _TYPE_="FREQ" VARIABLE="_freq_" LABEL="" LEVEL="BINARY" EVENT="" ORDER="" FORMAT="" TYPE="N" COST="" USE=""/>
</Data>
<Metadata>
<Variable NAME="_TYPE_" LABEL="Type" LENGTH="32" FORMAT="" TYPE="C"/>
<Variable NAME="VARIABLE" LABEL="Variable" LENGTH="32" FORMAT="" TYPE="C"/>
<Variable NAME="LABEL" LABEL="Label" LENGTH="40" FORMAT="" TYPE="C"/>
<Variable NAME="LEVEL" LABEL="Measurement Level" LENGTH="32" FORMAT="" TYPE="C"/>
<Variable NAME="EVENT" LABEL="Target Event" LENGTH="32" FORMAT="" TYPE="C"/>
<Variable NAME="ORDER" LABEL="Order" LENGTH="10" FORMAT="" TYPE="C"/>
<Variable NAME="FORMAT" LABEL="Format" LENGTH="32" FORMAT="" TYPE="C"/>
<Variable NAME="TYPE" LABEL="Type" LENGTH="1" FORMAT="" TYPE="C"/>
<Variable NAME="COST" LABEL="Cost" LENGTH="32" FORMAT="" TYPE="C"/>
<Variable NAME="USE" LABEL="Use" LENGTH="1" FORMAT="" TYPE="C"/>
</Metadata>
</DecMeta>
</GB>
</EmTargetAttributes>
<EmFileProperties>
<EMNOTES Type="EXTERNAL" Extension="txt">
<Data/>
</EMNOTES>
</EmFileProperties>
</PROPERTIES>
</NODE>
<NODE CLASS="SASHELP.EMSAMP.EMDPART.CLASS" COMPONENT="Partition" ID="Part" X="276" Y="66" DESCRIPTION="Data Partition" DIAGRAMID="_ROOT_" PARENTID="" TOOLTYPE="SAMPLE" TOOLPREFIX="Part">
<PROPERTIES Method="DEFAULT" TrainPct="70" ValidatePct="30" TestPct="0" RandomSeed="12345" OutputType="DATA" IntervalDistribution="Y" ClassDistribution="Y" ForceRun="N" RunAction="Train" Component="Partition">
<VariableProperties/>
<EmTargetAttributes/>
<EmFileProperties>
<EMNOTES Type="EXTERNAL" Extension="txt">
<Data/>
</EMNOTES>
</EmFileProperties>
</PROPERTIES>
</NODE>
<NODE CLASS="SASHELP.EMCREDIT.SCORECARD.CLASS" COMPONENT="Scorecard" ID="Scorecard" X="672" Y="66" DESCRIPTION="Scorecard" DIAGRAMID="_ROOT_" PARENTID="" TOOLTYPE="MODEL" TOOLPREFIX="Scorecard">
<PROPERTIES freeze="NONE" generateIntercept="N" reverseScore="N" useIndet="N" odds="50" scorecardPoints="200" pointsToDoubleOdds="20" scorecardType="SUMMARY" noInfo="NEUTRAL" reportAdverse="N" numAdverse="3" numberOfBuckets="25" bucketMethod="MINMAX" revenueAcceptedGood="1000" costAcceptedBad="50000" currentApprovalRate="70" badRate="2.5" precision="0" generateCharacteristicAnalysis="N" displayNoInfo="N" ModelSelection="NONE" SelectionCriterion="DEFAULT" SelectionDefault="Y" SlEntry="0.05" SlStay="0.05" Start="0" Stop="0" Force="0" Hierarchy="CLASS" Rule="NONE" MaxStep="." analysisVariables="WOE" scoreOutvars="COMPLETE" ForceRun="N" RunAction="Train" Component="Scorecard">
<VariableProperties/>
<EmTargetAttributes/>
<EmFileProperties>
<EMNOTES Type="EXTERNAL" Extension="txt">
<Data/>
</EMNOTES>
<MODELORDER Type="DATA">
<Data>
<Obs NAME="WOE_AGE" VARIABLE="WOE_AGE" KEY="37"/>
<Obs NAME="WOE_CARDS" VARIABLE="WOE_CARDS" KEY="38"/>
<Obs NAME="WOE_EC_CARD" VARIABLE="WOE_EC_CARD" KEY="39"/>
<Obs NAME="WOE_INC" VARIABLE="WOE_INC" KEY="40"/>
<Obs NAME="WOE_INC1" VARIABLE="WOE_INC1" KEY="41"/>
<Obs NAME="WOE_INCOME" VARIABLE="WOE_INCOME" KEY="42"/>
<Obs NAME="WOE_PERS_H" VARIABLE="WOE_PERS_H" KEY="43"/>
<Obs NAME="WOE_STATUS" VARIABLE="WOE_STATUS" KEY="44"/>
<Obs NAME="WOE_TMJOB1" VARIABLE="WOE_TMJOB1" KEY="45"/>
</Data>
<Metadata>
<Variable NAME="NAME" LABEL="Variable Name" LENGTH="64" FORMAT="" TYPE="C"/>
<Variable NAME="variable" LABEL="" LENGTH="32" FORMAT="" TYPE="C"/>
<Variable NAME="key" LABEL="" LENGTH="8" FORMAT="" TYPE="N"/>
</Metadata>
</MODELORDER>
<ADVERSEVAR Type="DATA">
<Data/>
<Metadata/>
</ADVERSEVAR>
<SCORECARD Type="DATA">
<Data>
<Obs _VARIABLE_="AGE" _GROUP_="-2" _LABEL_="Neutral Score" _WOE_="." MANUALWOE="." _PERCENT_="." _EVENT_RATE_="." SCORECARD_POINTS="21" _NO_INFO_="." _ESTIMATE_="." LABEL="Age"/>
<Obs _VARIABLE_="AGE" _GROUP_="1" _LABEL_="AGE&lt; 22" _WOE_="-1.049822124" MANUALWOE="." _PERCENT_="3.9569892473" _EVENT_RATE_="8.6956521739" SCORECARD_POINTS="2" _NO_INFO_="20.579159598" _ESTIMATE_="-0.603697709" LABEL="Age"/>
<Obs _VARIABLE_="AGE" _GROUP_="2" _LABEL_="22&lt;= AGE&lt; 28" _WOE_="-0.658629676" MANUALWOE="." _PERCENT_="19.227956989" _EVENT_RATE_="6.050777318" SCORECARD_POINTS="9" _NO_INFO_="20.579159598" _ESTIMATE_="-0.603697709" LABEL="Age"/>
<Obs _VARIABLE_="AGE" _GROUP_="3" _LABEL_="28&lt;= AGE&lt; 35" _WOE_="0.0451603961" MANUALWOE="." _PERCENT_="25.630107527" _EVENT_RATE_="3.0877664038" SCORECARD_POINTS="21" _NO_INFO_="20.579159598" _ESTIMATE_="-0.603697709" LABEL="Age"/>
<Obs _VARIABLE_="AGE" _GROUP_="4" _LABEL_="35&lt;= AGE&lt; 50, _MISSING_" _WOE_="0.4319316813" MANUALWOE="." _PERCENT_="35.329032258" _EVENT_RATE_="2.1183345508" SCORECARD_POINTS="28" _NO_INFO_="20.579159598" _ESTIMATE_="-0.603697709" LABEL="Age"/>
<Obs _VARIABLE_="AGE" _GROUP_="5" _LABEL_="50&lt;= AGE" _WOE_="1.0742208355" MANUALWOE="." _PERCENT_="15.855913978" _EVENT_RATE_="1.1257290113" SCORECARD_POINTS="39" _NO_INFO_="20.579159598" _ESTIMATE_="-0.603697709" LABEL="Age"/>
<Obs _VARIABLE_="CARDS" _GROUP_="-2" _LABEL_="Neutral Score" _WOE_="." MANUALWOE="." _PERCENT_="." _EVENT_RATE_="." SCORECARD_POINTS="21" _NO_INFO_="." _ESTIMATE_="." LABEL="Credit Cards"/>
<Obs _VARIABLE_="CARDS" _GROUP_="1" _LABEL_="AMERICAN EXPRESS, NO CREDIT CARDS, OTHER CREDIT CAR, VISA MYBANK, VISA OTHERS, _MISSING_, _UNKNOWN_" _WOE_="-0.256378923" MANUALWOE="." _PERCENT_="63.324731183" _EVENT_RATE_="4.1295931536" SCORECARD_POINTS="12" _NO_INFO_="20.579159598" _ESTIMATE_="-1.154561783" LABEL="Credit Cards"/>
<Obs _VARIABLE_="CARDS" _GROUP_="2" _LABEL_="CHEQUE CARD, MASTERCARD/EUROC" _WOE_="0.677175235" MANUALWOE="." _PERCENT_="36.675268817" _EVENT_RATE_="1.6652984637" SCORECARD_POINTS="43" _NO_INFO_="20.579159598" _ESTIMATE_="-1.154561783" LABEL="Credit Cards"/>
<Obs _VARIABLE_="EC_CARD" _GROUP_="-2" _LABEL_="Neutral Score" _WOE_="." MANUALWOE="." _PERCENT_="." _EVENT_RATE_="." SCORECARD_POINTS="21" _NO_INFO_="." _ESTIMATE_="." LABEL="EC_card holders"/>
<Obs _VARIABLE_="EC_CARD" _GROUP_="1" _LABEL_="0.00, _MISSING_, _UNKNOWN_" _WOE_="-0.221121306" MANUALWOE="." _PERCENT_="66.52688172" _EVENT_RATE_="3.9922417973" SCORECARD_POINTS="24" _NO_INFO_="20.579159598" _ESTIMATE_="0.569346616" LABEL="EC_card holders"/>
<Obs _VARIABLE_="EC_CARD" _GROUP_="2" _LABEL_="1.00" _WOE_="0.6546808997" MANUALWOE="." _PERCENT_="33.47311828" _EVENT_RATE_="1.7025377449" SCORECARD_POINTS="10" _NO_INFO_="20.579159598" _ESTIMATE_="0.569346616" LABEL="EC_card holders"/>
<Obs _VARIABLE_="INC" _GROUP_="-2" _LABEL_="Neutral Score" _WOE_="." MANUALWOE="." _PERCENT_="." _EVENT_RATE_="." SCORECARD_POINTS="21" _NO_INFO_="." _ESTIMATE_="." LABEL="Salary"/>
<Obs _VARIABLE_="INC" _GROUP_="1" _LABEL_="0.00" _WOE_="0.6593887006" MANUALWOE="." _PERCENT_="30.582795699" _EVENT_RATE_="1.6946768863" SCORECARD_POINTS="7" _NO_INFO_="20.579159598" _ESTIMATE_="0.7097039386" LABEL="Salary"/>
<Obs _VARIABLE_="INC" _GROUP_="2" _LABEL_="100000.0" _WOE_="0.1651852746" MANUALWOE="." _PERCENT_="32.240860215" _EVENT_RATE_="2.7481323372" SCORECARD_POINTS="17" _NO_INFO_="20.579159598" _ESTIMATE_="0.7097039386" LABEL="Salary"/>
<Obs _VARIABLE_="INC" _GROUP_="3" _LABEL_="2500.00, _MISSING_, _UNKNOWN_" _WOE_="-0.435425408" MANUALWOE="." _PERCENT_="37.176344086" _EVENT_RATE_="4.8996355643" SCORECARD_POINTS="29" _NO_INFO_="20.579159598" _ESTIMATE_="0.7097039386" LABEL="Salary"/>
<Obs _VARIABLE_="INC1" _GROUP_="-2" _LABEL_="Neutral Score" _WOE_="." MANUALWOE="." _PERCENT_="." _EVENT_RATE_="." SCORECARD_POINTS="21" _NO_INFO_="." _ESTIMATE_="." LABEL="Salary+ec_card"/>
<Obs _VARIABLE_="INC1" _GROUP_="1" _LABEL_="2.00, _MISSING_, _UNKNOWN_" _WOE_="-0.498422984" MANUALWOE="." _PERCENT_="34.232258065" _EVENT_RATE_="5.2016584998" SCORECARD_POINTS="11" _NO_INFO_="20.579159598" _ESTIMATE_="-0.684821303" LABEL="Salary+ec_card"/>
<Obs _VARIABLE_="INC1" _GROUP_="2" _LABEL_="4.00, 5.00" _WOE_="0.1651852746" MANUALWOE="." _PERCENT_="32.240860215" _EVENT_RATE_="2.7481323372" SCORECARD_POINTS="24" _NO_INFO_="20.579159598" _ESTIMATE_="-0.684821303" LABEL="Salary+ec_card"/>
<Obs _VARIABLE_="INC1" _GROUP_="3" _LABEL_="0.00, 1.00, 3.00" _WOE_="0.6756879592" MANUALWOE="." _PERCENT_="33.52688172" _EVENT_RATE_="1.667735728" SCORECARD_POINTS="34" _NO_INFO_="20.579159598" _ESTIMATE_="-0.684821303" LABEL="Salary+ec_card"/>
<Obs _VARIABLE_="INCOME" _GROUP_="-2" _LABEL_="Neutral Score" _WOE_="." MANUALWOE="." _PERCENT_="." _EVENT_RATE_="." SCORECARD_POINTS="21" _NO_INFO_="." _ESTIMATE_="." LABEL="Income"/>
<Obs _VARIABLE_="INCOME" _GROUP_="1" _LABEL_="INCOME&lt; 1500, _MISSING_" _WOE_="0.5596157879" MANUALWOE="." _PERCENT_="32.215053763" _EVENT_RATE_="1.8691588785" SCORECARD_POINTS="26" _NO_INFO_="20.579159598" _ESTIMATE_="-0.334380741" LABEL="Income"/>
<Obs _VARIABLE_="INCOME" _GROUP_="2" _LABEL_="1500&lt;= INCOME&lt; 2300" _WOE_="-0.547965171" MANUALWOE="." _PERCENT_="22.722580645" _EVENT_RATE_="5.4514480409" SCORECARD_POINTS="15" _NO_INFO_="20.579159598" _ESTIMATE_="-0.334380741" LABEL="Income"/>
<Obs _VARIABLE_="INCOME" _GROUP_="3" _LABEL_="2300&lt;= INCOME&lt; 3000" _WOE_="-0.122374713" MANUALWOE="." _PERCENT_="22.627956989" _EVENT_RATE_="3.6304885003" SCORECARD_POINTS="19" _NO_INFO_="20.579159598" _ESTIMATE_="-0.334380741" LABEL="Income"/>
<Obs _VARIABLE_="INCOME" _GROUP_="4" _LABEL_="3000&lt;= INCOME&lt; 4000" _WOE_="0.3578863311" MANUALWOE="." _PERCENT_="15.580645161" _EVENT_RATE_="2.2774327122" SCORECARD_POINTS="24" _NO_INFO_="20.579159598" _ESTIMATE_="-0.334380741" LABEL="Income"/>
<Obs _VARIABLE_="INCOME" _GROUP_="5" _LABEL_="4000&lt;= INCOME" _WOE_="0.0600180097" MANUALWOE="." _PERCENT_="6.8537634409" _EVENT_RATE_="3.0436146847" SCORECARD_POINTS="21" _NO_INFO_="20.579159598" _ESTIMATE_="-0.334380741" LABEL="Income"/>
<Obs _VARIABLE_="PERS_H" _GROUP_="-2" _LABEL_="Neutral Score" _WOE_="." MANUALWOE="." _PERCENT_="." _EVENT_RATE_="." SCORECARD_POINTS="21" _NO_INFO_="." _ESTIMATE_="." LABEL="Num in Household"/>
<Obs _VARIABLE_="PERS_H" _GROUP_="1" _LABEL_="1, 10, 25, 6, 8, _MISSING_, _UNKNOWN_" _WOE_="-0.515433927" MANUALWOE="." _PERCENT_="29.494623656" _EVENT_RATE_="5.2861830113" SCORECARD_POINTS="19" _NO_INFO_="20.579159598" _ESTIMATE_="-0.130967662" LABEL="Num in Household"/>
<Obs _VARIABLE_="PERS_H" _GROUP_="2" _LABEL_="3, 5, 7" _WOE_="0.2893094121" MANUALWOE="." _PERCENT_="27.111827957" _EVENT_RATE_="2.4351550726" SCORECARD_POINTS="22" _NO_INFO_="20.579159598" _ESTIMATE_="-0.130967662" LABEL="Num in Household"/>
<Obs _VARIABLE_="PERS_H" _GROUP_="3" _LABEL_="4" _WOE_="0.3144151346" MANUALWOE="." _PERCENT_="18.372043011" _EVENT_RATE_="2.3762144446" SCORECARD_POINTS="22" _NO_INFO_="20.579159598" _ESTIMATE_="-0.130967662" LABEL="Num in Household"/>
<Obs _VARIABLE_="PERS_H" _GROUP_="4" _LABEL_="2" _WOE_="0.3578063791" MANUALWOE="." _PERCENT_="25.021505376" _EVENT_RATE_="2.2776106575" SCORECARD_POINTS="22" _NO_INFO_="20.579159598" _ESTIMATE_="-0.130967662" LABEL="Num in Household"/>
<Obs _VARIABLE_="STATUS" _GROUP_="-2" _LABEL_="Neutral Score" _WOE_="." MANUALWOE="." _PERCENT_="." _EVENT_RATE_="." SCORECARD_POINTS="21" _NO_INFO_="." _ESTIMATE_="." LABEL="Status"/>
<Obs _VARIABLE_="STATUS" _GROUP_="1" _LABEL_="V, W, _MISSING_, _UNKNOWN_" _WOE_="0.407960742" MANUALWOE="." _PERCENT_="66.144086022" _EVENT_RATE_="2.1686120233" SCORECARD_POINTS="25" _NO_INFO_="20.579159598" _ESTIMATE_="-0.382252386" LABEL="Status"/>
<Obs _VARIABLE_="STATUS" _GROUP_="2" _LABEL_="E, G" _WOE_="0.0373875321" MANUALWOE="." _PERCENT_="7.2580645161" _EVENT_RATE_="3.1111111111" SCORECARD_POINTS="21" _NO_INFO_="20.579159598" _ESTIMATE_="-0.382252386" LABEL="Status"/>
<Obs _VARIABLE_="STATUS" _GROUP_="3" _LABEL_="T, U" _WOE_="-0.629295709" MANUALWOE="." _PERCENT_="26.597849462" _EVENT_RATE_="5.8861578266" SCORECARD_POINTS="14" _NO_INFO_="20.579159598" _ESTIMATE_="-0.382252386" LABEL="Status"/>
<Obs _VARIABLE_="TMJOB1" _GROUP_="-2" _LABEL_="Neutral Score" _WOE_="." MANUALWOE="." _PERCENT_="." _EVENT_RATE_="." SCORECARD_POINTS="21" _NO_INFO_="." _ESTIMATE_="." LABEL="Time at Job"/>
<Obs _VARIABLE_="TMJOB1" _GROUP_="1" _LABEL_="TMJOB1&lt; 18" _WOE_="-0.564684793" MANUALWOE="." _PERCENT_="17.279569892" _EVENT_RATE_="5.5382700685" SCORECARD_POINTS="11" _NO_INFO_="20.579159598" _ESTIMATE_="-0.579961305" LABEL="Time at Job"/>
<Obs _VARIABLE_="TMJOB1" _GROUP_="2" _LABEL_="18&lt;= TMJOB1&lt; 96, _MISSING_" _WOE_="-0.063699243" MANUALWOE="." _PERCENT_="49.772043011" _EVENT_RATE_="3.4306947805" SCORECARD_POINTS="20" _NO_INFO_="20.579159598" _ESTIMATE_="-0.579961305" LABEL="Time at Job"/>
<Obs _VARIABLE_="TMJOB1" _GROUP_="3" _LABEL_="96&lt;= TMJOB1&lt; 168" _WOE_="0.3513978868" MANUALWOE="." _PERCENT_="12.479569892" _EVENT_RATE_="2.2919179735" SCORECARD_POINTS="26" _NO_INFO_="20.579159598" _ESTIMATE_="-0.579961305" LABEL="Time at Job"/>
<Obs _VARIABLE_="TMJOB1" _GROUP_="4" _LABEL_="168&lt;= TMJOB1&lt; 240" _WOE_="0.7205461547" MANUALWOE="." _PERCENT_="9.7032258065" _EVENT_RATE_="1.5957446809" SCORECARD_POINTS="33" _NO_INFO_="20.579159598" _ESTIMATE_="-0.579961305" LABEL="Time at Job"/>
<Obs _VARIABLE_="TMJOB1" _GROUP_="5" _LABEL_="240&lt;= TMJOB1" _WOE_="1.0805937832" MANUALWOE="." _PERCENT_="10.765591398" _EVENT_RATE_="1.1186576109" SCORECARD_POINTS="39" _NO_INFO_="20.579159598" _ESTIMATE_="-0.579961305" LABEL="Time at Job"/>
</Data>
<Metadata>
<Variable NAME="_variable_" LABEL="Variable" LENGTH="32" FORMAT="" TYPE="C"/>
<Variable NAME="_group_" LABEL="Group" LENGTH="8" FORMAT="" TYPE="N"/>
<Variable NAME="_label_" LABEL="Label" LENGTH="200" FORMAT="" TYPE="C"/>
<Variable NAME="_woe_" LABEL="Weight of Evidence" LENGTH="8" FORMAT="8.5" TYPE="N"/>
<Variable NAME="manualWoe" LABEL="" LENGTH="8" FORMAT="8.5" TYPE="N"/>
<Variable NAME="_percent_" LABEL="" LENGTH="8" FORMAT="" TYPE="N"/>
<Variable NAME="_event_rate_" LABEL="Event Rate GB = 1" LENGTH="8" FORMAT="" TYPE="N"/>
<Variable NAME="SCORECARD_POINTS" LABEL="Scorecard Points" LENGTH="8" FORMAT="" TYPE="N"/>
<Variable NAME="_no_info_" LABEL="" LENGTH="8" FORMAT="" TYPE="N"/>
<Variable NAME="_ESTIMATE_" LABEL="" LENGTH="8" FORMAT="" TYPE="N"/>
<Variable NAME="LABEL" LABEL="Label" LENGTH="200" FORMAT="" TYPE="C"/>
</Metadata>
</SCORECARD>
</EmFileProperties>
</PROPERTIES>
</NODE>
<NODE CLASS="SASHELP.EMCREDIT.SCORECARD.CLASS" COMPONENT="Scorecard" ID="Scorecard2" X="676" Y="146" DESCRIPTION="Reverse Scorecard" DIAGRAMID="_ROOT_" PARENTID="" TOOLTYPE="MODEL" TOOLPREFIX="Scorecard">
<PROPERTIES freeze="NONE" generateIntercept="N" reverseScore="Y" useIndet="N" odds="50" scorecardPoints="200" pointsToDoubleOdds="20" scorecardType="SUMMARY" noInfo="NEUTRAL" reportAdverse="N" numAdverse="3" numberOfBuckets="25" bucketMethod="MINMAX" revenueAcceptedGood="1000" costAcceptedBad="50000" currentApprovalRate="70" badRate="2.5" precision="0" generateCharacteristicAnalysis="N" displayNoInfo="N" ModelSelection="NONE" SelectionCriterion="DEFAULT" SelectionDefault="Y" SlEntry="0.05" SlStay="0.05" Start="0" Stop="0" Force="0" Hierarchy="CLASS" Rule="NONE" MaxStep="." analysisVariables="WOE" scoreOutvars="COMPLETE" ForceRun="N" RunAction="Train" Component="Scorecard">
<VariableProperties/>
<EmTargetAttributes/>
<EmFileProperties>
<SCORECARD Type="DATA">
<Data>
<Obs _VARIABLE_="AGE" _GROUP_="-2" _LABEL_="Neutral Score" _WOE_="." MANUALWOE="." _PERCENT_="." _EVENT_RATE_="." SCORECARD_POINTS="24" _NO_INFO_="." _ESTIMATE_="." LABEL="Age"/>
<Obs _VARIABLE_="AGE" _GROUP_="1" _LABEL_="AGE&lt; 22" _WOE_="-1.127736" MANUALWOE="." _PERCENT_="3.5577129866" _EVENT_RATE_="9.3264248705" SCORECARD_POINTS="46" _NO_INFO_="23.858472511" _ESTIMATE_="-0.682146769" LABEL="Age"/>
<Obs _VARIABLE_="AGE" _GROUP_="2" _LABEL_="22&lt;= AGE&lt; 28" _WOE_="-0.673794749" MANUALWOE="." _PERCENT_="19.539770807" _EVENT_RATE_="6.1320754717" SCORECARD_POINTS="37" _NO_INFO_="23.858472511" _ESTIMATE_="-0.682146769" LABEL="Age"/>
<Obs _VARIABLE_="AGE" _GROUP_="3" _LABEL_="28&lt;= AGE&lt; 31" _WOE_="-0.096263015" MANUALWOE="." _PERCENT_="11.46579004" _EVENT_RATE_="3.536977492" SCORECARD_POINTS="26" _NO_INFO_="23.858472511" _ESTIMATE_="-0.682146769" LABEL="Age"/>
<Obs _VARIABLE_="AGE" _GROUP_="4" _LABEL_="31&lt;= AGE&lt; 47, _MISSING_" _WOE_="0.3401715566" MANUALWOE="." _PERCENT_="44.723340195" _EVENT_RATE_="2.315037439" SCORECARD_POINTS="17" _NO_INFO_="23.858472511" _ESTIMATE_="-0.682146769" LABEL="Age"/>
<Obs _VARIABLE_="AGE" _GROUP_="5" _LABEL_="47&lt;= AGE" _WOE_="0.9950052999" MANUALWOE="." _PERCENT_="20.713385972" _EVENT_RATE_="1.2162563038" SCORECARD_POINTS="4" _NO_INFO_="23.858472511" _ESTIMATE_="-0.682146769" LABEL="Age"/>
<Obs _VARIABLE_="CARDS" _GROUP_="-2" _LABEL_="Neutral Score" _WOE_="." MANUALWOE="." _PERCENT_="." _EVENT_RATE_="." SCORECARD_POINTS="24" _NO_INFO_="." _ESTIMATE_="." LABEL="Credit Cards"/>
<Obs _VARIABLE_="CARDS" _GROUP_="1" _LABEL_="CHEQUE CARD, MASTERCARD/EUROC, OTHER CREDIT CAR" _WOE_="0.6463848098" MANUALWOE="." _PERCENT_="36.010322898" _EVENT_RATE_="1.7148707448" SCORECARD_POINTS="3" _NO_INFO_="23.858472511" _ESTIMATE_="-1.113389849" LABEL="Credit Cards"/>
<Obs _VARIABLE_="CARDS" _GROUP_="2" _LABEL_="AMERICAN EXPRESS, NO CREDIT CARDS, VISA MYBANK, VISA OTHERS, _MISSING_, _UNKNOWN_" _WOE_="-0.2425438" MANUALWOE="." _PERCENT_="63.989677102" _EVENT_RATE_="4.0714422892" SCORECARD_POINTS="32" _NO_INFO_="23.858472511" _ESTIMATE_="-1.113389849" LABEL="Credit Cards"/>
<Obs _VARIABLE_="EC_CARD" _GROUP_="-2" _LABEL_="Neutral Score" _WOE_="." MANUALWOE="." _PERCENT_="." _EVENT_RATE_="." SCORECARD_POINTS="24" _NO_INFO_="." _ESTIMATE_="." LABEL="EC_card holders"/>
<Obs _VARIABLE_="EC_CARD" _GROUP_="1" _LABEL_="0.00, _MISSING_, _UNKNOWN_" _WOE_="-0.211716784" MANUALWOE="." _PERCENT_="67.077329565" _EVENT_RATE_="3.9527321028" SCORECARD_POINTS="21" _NO_INFO_="23.858472511" _ESTIMATE_="0.4419612899" LABEL="EC_card holders"/>
<Obs _VARIABLE_="EC_CARD" _GROUP_="2" _LABEL_="1.00" _WOE_="0.634086715" MANUALWOE="." _PERCENT_="32.922670435" _EVENT_RATE_="1.7357222844" SCORECARD_POINTS="32" _NO_INFO_="23.858472511" _ESTIMATE_="0.4419612899" LABEL="EC_card holders"/>
<Obs _VARIABLE_="INC" _GROUP_="-2" _LABEL_="Neutral Score" _WOE_="." MANUALWOE="." _PERCENT_="." _EVENT_RATE_="." SCORECARD_POINTS="24" _NO_INFO_="." _ESTIMATE_="." LABEL="Salary"/>
<Obs _VARIABLE_="INC" _GROUP_="1" _LABEL_="2500.00, _MISSING_, _UNKNOWN_" _WOE_="-0.456101363" MANUALWOE="." _PERCENT_="36.185443485" _EVENT_RATE_="4.9923586347" SCORECARD_POINTS="15" _NO_INFO_="23.858472511" _ESTIMATE_="0.6412024048" LABEL="Salary"/>
<Obs _VARIABLE_="INC" _GROUP_="2" _LABEL_="100000.0" _WOE_="0.1762536214" MANUALWOE="." _PERCENT_="33.254477864" _EVENT_RATE_="2.7161862528" SCORECARD_POINTS="27" _NO_INFO_="23.858472511" _ESTIMATE_="0.6412024048" LABEL="Salary"/>
<Obs _VARIABLE_="INC" _GROUP_="3" _LABEL_="0.00" _WOE_="0.6679507342" MANUALWOE="." _PERCENT_="30.560078651" _EVENT_RATE_="1.6788981602" SCORECARD_POINTS="36" _NO_INFO_="23.858472511" _ESTIMATE_="0.6412024048" LABEL="Salary"/>
<Obs _VARIABLE_="INC1" _GROUP_="-2" _LABEL_="Neutral Score" _WOE_="." MANUALWOE="." _PERCENT_="." _EVENT_RATE_="." SCORECARD_POINTS="24" _NO_INFO_="." _ESTIMATE_="." LABEL="Salary+ec_card"/>
<Obs _VARIABLE_="INC1" _GROUP_="1" _LABEL_="0.00, 1.00, 3.00" _WOE_="0.6643373913" MANUALWOE="." _PERCENT_="33.186887462" _EVENT_RATE_="1.6848731716" SCORECARD_POINTS="15" _NO_INFO_="23.858472511" _ESTIMATE_="-0.476232626" LABEL="Salary+ec_card"/>
<Obs _VARIABLE_="INC1" _GROUP_="2" _LABEL_="4.00, 5.00" _WOE_="0.1762536214" MANUALWOE="." _PERCENT_="33.254477864" _EVENT_RATE_="2.7161862528" SCORECARD_POINTS="21" _NO_INFO_="23.858472511" _ESTIMATE_="-0.476232626" LABEL="Salary+ec_card"/>
<Obs _VARIABLE_="INC1" _GROUP_="3" _LABEL_="2.00, _MISSING_, _UNKNOWN_" _WOE_="-0.508294134" MANUALWOE="." _PERCENT_="33.558634674" _EVENT_RATE_="5.2458115902" SCORECARD_POINTS="31" _NO_INFO_="23.858472511" _ESTIMATE_="-0.476232626" LABEL="Salary+ec_card"/>
<Obs _VARIABLE_="INCOME" _GROUP_="-2" _LABEL_="Neutral Score" _WOE_="." MANUALWOE="." _PERCENT_="." _EVENT_RATE_="." SCORECARD_POINTS="24" _NO_INFO_="." _ESTIMATE_="." LABEL="Income"/>
<Obs _VARIABLE_="INCOME" _GROUP_="1" _LABEL_="INCOME&lt; 1500, _MISSING_" _WOE_="0.5695920237" MANUALWOE="." _PERCENT_="32.397308673" _EVENT_RATE_="1.8492176387" SCORECARD_POINTS="16" _NO_INFO_="23.858472511" _ESTIMATE_="-0.502432144" LABEL="Income"/>
<Obs _VARIABLE_="INCOME" _GROUP_="2" _LABEL_="1500&lt;= INCOME&lt; 2500" _WOE_="-0.5212894" MANUALWOE="." _PERCENT_="28.520077422" _EVENT_RATE_="5.310783152" SCORECARD_POINTS="31" _NO_INFO_="23.858472511" _ESTIMATE_="-0.502432144" LABEL="Income"/>
<Obs _VARIABLE_="INCOME" _GROUP_="3" _LABEL_="2500&lt;= INCOME&lt; 3000" _WOE_="-0.035638393" MANUALWOE="." _PERCENT_="16.209407355" _EVENT_RATE_="3.3358605004" SCORECARD_POINTS="24" _NO_INFO_="23.858472511" _ESTIMATE_="-0.502432144" LABEL="Income"/>
<Obs _VARIABLE_="INCOME" _GROUP_="4" _LABEL_="3000&lt;= INCOME&lt; 4000" _WOE_="0.4501823102" MANUALWOE="." _PERCENT_="15.813081815" _EVENT_RATE_="2.0788809015" SCORECARD_POINTS="17" _NO_INFO_="23.858472511" _ESTIMATE_="-0.502432144" LABEL="Income"/>
<Obs _VARIABLE_="INCOME" _GROUP_="5" _LABEL_="4000&lt;= INCOME" _WOE_="-0.053596568" MANUALWOE="." _PERCENT_="7.060124735" _EVENT_RATE_="3.3942558747" SCORECARD_POINTS="25" _NO_INFO_="23.858472511" _ESTIMATE_="-0.502432144" LABEL="Income"/>
<Obs _VARIABLE_="PERS_H" _GROUP_="-2" _LABEL_="Neutral Score" _WOE_="." MANUALWOE="." _PERCENT_="." _EVENT_RATE_="." SCORECARD_POINTS="24" _NO_INFO_="." _ESTIMATE_="." LABEL="Num in Household"/>
<Obs _VARIABLE_="PERS_H" _GROUP_="1" _LABEL_="2" _WOE_="0.3317529191" MANUALWOE="." _PERCENT_="25.0084488" _EVENT_RATE_="2.3341523342" SCORECARD_POINTS="24" _NO_INFO_="23.858472511" _ESTIMATE_="-0.005780304" LABEL="Num in Household"/>
<Obs _VARIABLE_="PERS_H" _GROUP_="2" _LABEL_="4, 5" _WOE_="0.3099384706" MANUALWOE="." _PERCENT_="23.321761037" _EVENT_RATE_="2.384402582" SCORECARD_POINTS="24" _NO_INFO_="23.858472511" _ESTIMATE_="-0.005780304" LABEL="Num in Household"/>
<Obs _VARIABLE_="PERS_H" _GROUP_="3" _LABEL_="3, 7" _WOE_="0.2111408804" MANUALWOE="." _PERCENT_="21.297121263" _EVENT_RATE_="2.6255049048" SCORECARD_POINTS="24" _NO_INFO_="23.858472511" _ESTIMATE_="-0.005780304" LABEL="Num in Household"/>
<Obs _VARIABLE_="PERS_H" _GROUP_="4" _LABEL_="1, 10, 25, 6, 8, _MISSING_, _UNKNOWN_" _WOE_="-0.461325571" MANUALWOE="." _PERCENT_="30.372668899" _EVENT_RATE_="5.0171960348" SCORECARD_POINTS="24" _NO_INFO_="23.858472511" _ESTIMATE_="-0.005780304" LABEL="Num in Household"/>
<Obs _VARIABLE_="STATUS" _GROUP_="-2" _LABEL_="Neutral Score" _WOE_="." MANUALWOE="." _PERCENT_="." _EVENT_RATE_="." SCORECARD_POINTS="24" _NO_INFO_="." _ESTIMATE_="." LABEL="Status"/>
<Obs _VARIABLE_="STATUS" _GROUP_="1" _LABEL_="T, U" _WOE_="-0.587939819" MANUALWOE="." _PERCENT_="27.159052505" _EVENT_RATE_="5.6561085973" SCORECARD_POINTS="30" _NO_INFO_="23.858472511" _ESTIMATE_="-0.371635016" LABEL="Status"/>
<Obs _VARIABLE_="STATUS" _GROUP_="2" _LABEL_="E, G" _WOE_="0.0516908987" MANUALWOE="." _PERCENT_="7.4165104919" _EVENT_RATE_="3.0654515327" SCORECARD_POINTS="23" _NO_INFO_="23.858472511" _ESTIMATE_="-0.371635016" LABEL="Status"/>
<Obs _VARIABLE_="STATUS" _GROUP_="3" _LABEL_="V, W, _MISSING_, _UNKNOWN_" _WOE_="0.3782043217" MANUALWOE="." _PERCENT_="65.424437003" _EVENT_RATE_="2.2305705565" SCORECARD_POINTS="20" _NO_INFO_="23.858472511" _ESTIMATE_="-0.371635016" LABEL="Status"/>
<Obs _VARIABLE_="TMJOB1" _GROUP_="-2" _LABEL_="Neutral Score" _WOE_="." MANUALWOE="." _PERCENT_="." _EVENT_RATE_="." SCORECARD_POINTS="24" _NO_INFO_="." _ESTIMATE_="." LABEL="Time at Job"/>
<Obs _VARIABLE_="TMJOB1" _GROUP_="1" _LABEL_="TMJOB1&lt; 18" _WOE_="-0.567041137" MANUALWOE="." _PERCENT_="17.174106731" _EVENT_RATE_="5.5456171735" SCORECARD_POINTS="33" _NO_INFO_="23.858472511" _ESTIMATE_="-0.580083347" LABEL="Time at Job"/>
<Obs _VARIABLE_="TMJOB1" _GROUP_="2" _LABEL_="18&lt;= TMJOB1&lt; 96, _MISSING_" _WOE_="-0.071614192" MANUALWOE="." _PERCENT_="49.546837076" _EVENT_RATE_="3.4538351832" SCORECARD_POINTS="25" _NO_INFO_="23.858472511" _ESTIMATE_="-0.580083347" LABEL="Time at Job"/>
<Obs _VARIABLE_="TMJOB1" _GROUP_="3" _LABEL_="96&lt;= TMJOB1&lt; 168" _WOE_="0.3651511995" MANUALWOE="." _PERCENT_="12.918983686" _EVENT_RATE_="2.25921522" SCORECARD_POINTS="18" _NO_INFO_="23.858472511" _ESTIMATE_="-0.580083347" LABEL="Time at Job"/>
<Obs _VARIABLE_="TMJOB1" _GROUP_="4" _LABEL_="168&lt;= TMJOB1&lt; 240" _WOE_="0.740050367" MANUALWOE="." _PERCENT_="10.018740975" _EVENT_RATE_="1.5639374425" SCORECARD_POINTS="11" _NO_INFO_="23.858472511" _ESTIMATE_="-0.580083347" LABEL="Time at Job"/>
<Obs _VARIABLE_="TMJOB1" _GROUP_="5" _LABEL_="240&lt;= TMJOB1" _WOE_="1.1250584281" MANUALWOE="." _PERCENT_="10.341331531" _EVENT_RATE_="1.0695187166" SCORECARD_POINTS="5" _NO_INFO_="23.858472511" _ESTIMATE_="-0.580083347" LABEL="Time at Job"/>
</Data>
<Metadata>
<Variable NAME="_variable_" LABEL="Variable" LENGTH="32" FORMAT="" TYPE="C"/>
<Variable NAME="_group_" LABEL="Group" LENGTH="8" FORMAT="" TYPE="N"/>
<Variable NAME="_label_" LABEL="Label" LENGTH="200" FORMAT="" TYPE="C"/>
<Variable NAME="_woe_" LABEL="Weight of Evidence" LENGTH="8" FORMAT="8.5" TYPE="N"/>
<Variable NAME="manualWoe" LABEL="" LENGTH="8" FORMAT="8.5" TYPE="N"/>
<Variable NAME="_percent_" LABEL="" LENGTH="8" FORMAT="" TYPE="N"/>
<Variable NAME="_event_rate_" LABEL="Event Rate GB = 1" LENGTH="8" FORMAT="" TYPE="N"/>
<Variable NAME="SCORECARD_POINTS" LABEL="Scorecard Points" LENGTH="8" FORMAT="" TYPE="N"/>
<Variable NAME="_no_info_" LABEL="" LENGTH="8" FORMAT="" TYPE="N"/>
<Variable NAME="_ESTIMATE_" LABEL="" LENGTH="8" FORMAT="" TYPE="N"/>
<Variable NAME="LABEL" LABEL="Label" LENGTH="200" FORMAT="" TYPE="C"/>
</Metadata>
</SCORECARD>
<ADVERSEVAR Type="DATA">
<Data/>
<Metadata/>
</ADVERSEVAR>
<MODELORDER Type="DATA">
<Data>
<Obs NAME="WOE_AGE" VARIABLE="WOE_AGE" KEY="1"/>
<Obs NAME="WOE_CARDS" VARIABLE="WOE_CARDS" KEY="2"/>
<Obs NAME="WOE_EC_CARD" VARIABLE="WOE_EC_CARD" KEY="3"/>
<Obs NAME="WOE_INC" VARIABLE="WOE_INC" KEY="4"/>
<Obs NAME="WOE_INC1" VARIABLE="WOE_INC1" KEY="5"/>
<Obs NAME="WOE_INCOME" VARIABLE="WOE_INCOME" KEY="6"/>
<Obs NAME="WOE_PERS_H" VARIABLE="WOE_PERS_H" KEY="7"/>
<Obs NAME="WOE_STATUS" VARIABLE="WOE_STATUS" KEY="8"/>
<Obs NAME="WOE_TMJOB1" VARIABLE="WOE_TMJOB1" KEY="9"/>
</Data>
<Metadata>
<Variable NAME="NAME" LABEL="Variable Name" LENGTH="64" FORMAT="" TYPE="C"/>
<Variable NAME="variable" LABEL="" LENGTH="32" FORMAT="" TYPE="C"/>
<Variable NAME="key" LABEL="" LENGTH="8" FORMAT="" TYPE="N"/>
</Metadata>
</MODELORDER>
<EMNOTES Type="EXTERNAL" Extension="txt">
<Data/>
</EMNOTES>
</EmFileProperties>
</PROPERTIES>
</NODE>
</NODES>
<CONNECTIONS>
<CONNECTION FROM="IGN" TO="Scorecard"/>
<CONNECTION FROM="IGN" TO="Scorecard2"/>
<CONNECTION FROM="Ids" TO="Part"/>
<CONNECTION FROM="Part" TO="IGN"/>
</CONNECTIONS>
<NOTES>
<DATA><![CDATA[

]]>
</DATA>
</NOTES>
</Workspace>
</_ROOT_>
