<?xml version="1.0" encoding="UTF-8"?><_ROOT_ EMVERSION="13.2" ORIENTATION="HORIZONTAL">
<Workspace>
<NODES>
<NODE CLASS="SASHELP.EMCORE.EXTENSION.CLASS" COMPONENT="HPDMForest" ID="HPDMForest" X="542" Y="147" DESCRIPTION="HP Forest" DIAGRAMID="_ROOT_" PARENTID="" TOOLTYPE="MODEL" TOOLPREFIX="HPDMForest">
<PROPERTIES Location="CATALOG" Catalog="SASHELP.HPDM.HPDMForest.SOURCE" ToolType="MODEL" ALPHA="0.05" CATBINS="30" EXHAUSTIVE="5000" LEAFSIZEMETHOD="DEFAULT" LEAFFRACTION="0.001" LEAFSIZE="5" MAXDEPTH="50" MAXTREES="50" MINCATSIZE="5" SEED="12345" SPLITSIZE="." NUMOBSMETHOD="PERCENTAGE" TRAINFRACTION="0.6" TRAINN="." VARS_TO_TRY="." MISSING="USEINSEARCH" MINUSEINSEARCH="1" ForceRun="N" RunAction="Train" Component="HPDMForest" VARSELECT="Y">
<VariableProperties/>
<EmTargetAttributes/>
<EmVariableAttributes/>
<EmFileProperties>
<USERTRAINCODE Type="EXTERNAL" Extension="sas">
<Data/>
</USERTRAINCODE>
<EMNOTES Type="EXTERNAL" Extension="txt">
<Data/>
</EMNOTES>
</EmFileProperties>
</PROPERTIES>
</NODE>
<NODE CLASS="SASHELP.EMCORE.EXTENSION.CLASS" COMPONENT="HPDMImpute" ID="HPImp" X="353" Y="68" DESCRIPTION="HP Impute" DIAGRAMID="_ROOT_" PARENTID="" TOOLTYPE="TRANSFORM" TOOLPREFIX="HPImp">
<PROPERTIES Location="CATALOG" ToolType="TRANSFORM" Catalog="SASHELP.HPDM.IMPUTE.SOURCE" MethodInterval="MEAN" MethodClass="COUNT" IntervalStat="DATA" Cutoff="5" MethodTargetInterval="NONE" MethodTargetClass="NONE" Indicator="NONE" IndicatorSource="IMPUTED" IndicatorRole="REJECTED" ValidateTestMissing="N" DistributionMissing="N" ImputeNoMissing="N" HideVariable="Y" RandomSeed="12345" MaxPctMissing="50.0" DefaultNum="." RejectMissingVar="Y" ForceRun="N" RunAction="Train" Component="HPDMImpute" Normalize="Y" DefaultChar="">
<VariableProperties/>
<EmTargetAttributes/>
<EmVariableAttributes/>
<EmFileProperties>
<USERTRAINCODE Type="EXTERNAL" Extension="sas">
<Data/>
</USERTRAINCODE>
<EMNOTES Type="EXTERNAL" Extension="txt">
<Data/>
</EMNOTES>
</EmFileProperties>
</PROPERTIES>
</NODE>
<NODE CLASS="SASHELP.EMCORE.EXTENSION.CLASS" COMPONENT="HPDMNeural" ID="HPNNA" X="538" Y="93" DESCRIPTION="HP Neural" DIAGRAMID="_ROOT_" PARENTID="" TOOLTYPE="MODEL" TOOLPREFIX="HPNNA">
<PROPERTIES Location="CATALOG" Catalog="SASHELP.HPDM.HPDMNeural.SOURCE" ToolType="MODEL" HIDDEN="3" ARCHITECTURE="LAYER1" NUMTRIES="2" MAXITER="50" USEVALID="N" USEINVERSE="N" MISSASLVL="N" MAXLINKS="1000" ForceRun="N" RunAction="Train" Component="HPDMNeural" InputStd="RANGE" HIDDENLAYERS="3" DIRECTCONN="N" TargetStd="RANGE" TargetActivation="IDENTITY" TargetError="NORMAL" OPTMETHOD="LBFGS" TableEditor="">
<VariableProperties/>
<EmTargetAttributes/>
<EmVariableAttributes/>
<EmFileProperties>
<USERTRAINCODE Type="EXTERNAL" Extension="sas">
<Data/>
</USERTRAINCODE>
<HIDDENOPTIONS Type="DATA">
<Data/>
<Metadata/>
</HIDDENOPTIONS>
<EMNOTES Type="EXTERNAL" Extension="txt">
<Data/>
</EMNOTES>
</EmFileProperties>
</PROPERTIES>
</NODE>
<NODE CLASS="SASHELP.EMCORE.EXTENSION.CLASS" COMPONENT="HPDMPartition" ID="HPPart" X="206" Y="148" DESCRIPTION="HP Data Partition" DIAGRAMID="_ROOT_" PARENTID="" TOOLTYPE="HPDM" TOOLPREFIX="HPPart">
<PROPERTIES Location="CATALOG" Catalog="SASHELP.HPDM.PARTITION.SOURCE" Method="DEFAULT" TrainPct="70" ValidatePct="30" RandomSeed="12345" ForceRun="N" RunAction="Train" Component="HPDMPartition">
<VariableProperties/>
<EmTargetAttributes/>
<EmVariableAttributes/>
<EmFileProperties>
<USERTRAINCODE Type="EXTERNAL" Extension="sas">
<Data/>
</USERTRAINCODE>
<EMNOTES Type="EXTERNAL" Extension="txt">
<Data/>
</EMNOTES>
</EmFileProperties>
</PROPERTIES>
</NODE>
<NODE CLASS="SASHELP.EMCORE.EXTENSION.CLASS" COMPONENT="HPDMReg" ID="HPReg" X="535" Y="34" DESCRIPTION="HP Regression" DIAGRAMID="_ROOT_" PARENTID="" TOOLTYPE="MODEL" TOOLPREFIX="HPReg">
<PROPERTIES Location="CATALOG" Catalog="SASHELP.HPDM.HPReg.SOURCE" MainEffect="Y" TwoFactor="N" Polynomial="N" PolynomialDegree="2" SuppressIntercept="N" MISSASLVL="N" Error="LOGISTIC" LinkFunction="LOGIT" SelectMethod="NONE" SelectCriterion="DEFAULT" StopCriterion="DEFAULT" SLEntry="0.05" SLStay="0.05" MaxEffects="0" MinEffects="0" Hierarchy="NONE" MaxSteps="0" SuppressOutput="N" ABSCONV="." ABSFCONV="." ABSGCONV="." FCONV="." GCONV="." TECH="NRRIDG" MAXITER="." MAXFUNC="." MAXTIME="." MINITER="." NORMALIZE="Y" EXCLUDEDVARIABLE="REJECT" ForceRun="N" RunAction="Train" Component="HPDMReg" NCPU="Actual" NNode="0" NThreads="Default" Host="Local" Timeout="120" LogDetails="N" Term="Y" Interactions="" SelectUseDefault="Y">
<VariableProperties/>
<EmTargetAttributes/>
<EmVariableAttributes/>
<EmFileProperties>
<USERTRAINCODE Type="EXTERNAL" Extension="sas">
<Data/>
</USERTRAINCODE>
<EMNOTES Type="EXTERNAL" Extension="txt">
<Data/>
</EMNOTES>
</EmFileProperties>
</PROPERTIES>
</NODE>
<NODE CLASS="SASHELP.EMSAMP.IDS.CLASS" COMPONENT="DataSource" ID="Ids" X="37" Y="147" DESCRIPTION="Input Data (Home Equity)" DIAGRAMID="_ROOT_" PARENTID="" TOOLTYPE="SAMPLE" TOOLPREFIX="Ids">
<PROPERTIES Component="DataSource" Description="" Role="TRAIN" Library="SAMPSIO" Table="HMEQ" ForceRun="N" ComputeStatistics="N" DataSource="" DataSelection="USERTABLE" NewTable="SAMPSIO.HMEQ" OutputType="VIEW" MetaAdvisor="BASIC" ApplyIntervalLevelLowerLimit="Y" IntervalLowerLimit="20" ApplyMaxPercentMissing="Y" MaxPercentMissing="50" MaxClassLevels="20" IdentifyEmptyColumns="Y" VariableValidation="STRICT" NewVariableRole="REJECT" Sample="D" SampleSizeType="PERCENT" SampleSizePercent="20" SampleSizeObs="10000" DBPassThrough="Y" NObs="5960" NCols="13" NBytes="656384" Segment="" ApplyMaxClassLevels="Y" DropMapVariables="N">
<VariableProperties/>
<EmVariableAttributes>
<DELTA Variable="BAD" AttributeName="ROLE" AttributeValue="TARGET"/>
<DELTA Variable="BAD" AttributeName="LEVEL" AttributeValue="BINARY"/>
</EmVariableAttributes>
<EmTargetAttributes>
<BAD>
<DecData Table="EMWS5.Ids_BAD_DD">
<Data>
<Obs BAD="1" COUNT="1189" DATAPRIOR="0.1994966443" TRAINPRIOR="0.1994966443" DECPRIOR="0" DECISION1="1" DECISION2="0"/>
<Obs BAD="0" COUNT="4771" DATAPRIOR="0.8005033557" TRAINPRIOR="0.8005033557" DECPRIOR="0" DECISION1="0" DECISION2="1"/>
</Data>
<Metadata>
<Variable NAME="BAD" LABEL="" LENGTH="32" FORMAT="" TYPE="C"/>
<Variable NAME="COUNT" LABEL="Level Counts" LENGTH="8" FORMAT="10." TYPE="N"/>
<Variable NAME="DATAPRIOR" LABEL="Data Proportions" LENGTH="8" FORMAT="" TYPE="N"/>
<Variable NAME="TRAINPRIOR" LABEL="Training Proportions" LENGTH="8" FORMAT="" TYPE="N"/>
<Variable NAME="DECPRIOR" LABEL="Decision Priors" LENGTH="8" FORMAT="" TYPE="N"/>
<Variable NAME="DECISION1" LABEL="1" LENGTH="8" FORMAT="" TYPE="N"/>
<Variable NAME="DECISION2" LABEL="0" LENGTH="8" FORMAT="" TYPE="N"/>
</Metadata>
</DecData>
<DecMeta Table="EMWS5.Ids_BAD_DM">
<Data>
<Obs _TYPE_="MATRIX" VARIABLE="" LABEL="" LEVEL="PROFIT" EVENT="" ORDER="" FORMAT="" TYPE="" COST="" USE="N"/>
<Obs _TYPE_="TARGET" VARIABLE="BAD" LABEL="" LEVEL="BINARY" EVENT="1" ORDER="" FORMAT="" TYPE="N" COST="" USE=""/>
<Obs _TYPE_="DATAPRIOR" VARIABLE="DATAPRIOR" LABEL="Data Prior" LEVEL="" EVENT="" ORDER="" FORMAT="" TYPE="N" COST="" USE="Y"/>
<Obs _TYPE_="TRAINPRIOR" VARIABLE="TRAINPRIOR" LABEL="Training Prior" LEVEL="" EVENT="" ORDER="" FORMAT="" TYPE="N" COST="" USE="N"/>
<Obs _TYPE_="DECPRIOR" VARIABLE="DECPRIOR" LABEL="Decision Prior" LEVEL="" EVENT="" ORDER="" FORMAT="" TYPE="N" COST="" USE="N"/>
<Obs _TYPE_="PREDICTED" VARIABLE="P_BAD1" LABEL="Predicted: BAD=1" LEVEL="1" EVENT="" ORDER="" FORMAT="" TYPE="N" COST="" USE=""/>
<Obs _TYPE_="RESIDUAL" VARIABLE="R_BAD1" LABEL="Residual: BAD=1" LEVEL="1" EVENT="" ORDER="" FORMAT="" TYPE="N" COST="" USE=""/>
<Obs _TYPE_="PREDICTED" VARIABLE="P_BAD0" LABEL="Predicted: BAD=0" LEVEL="0" EVENT="" ORDER="" FORMAT="" TYPE="N" COST="" USE=""/>
<Obs _TYPE_="RESIDUAL" VARIABLE="R_BAD0" LABEL="Residual: BAD=0" LEVEL="0" EVENT="" ORDER="" FORMAT="" TYPE="N" COST="" USE=""/>
<Obs _TYPE_="FROM" VARIABLE="F_BAD" LABEL="From: BAD" LEVEL="" EVENT="" ORDER="" FORMAT="" TYPE="C" COST="" USE=""/>
<Obs _TYPE_="INTO" VARIABLE="I_BAD" LABEL="Into: BAD" LEVEL="" EVENT="" ORDER="" FORMAT="" TYPE="C" COST="" USE=""/>
<Obs _TYPE_="DECISION" VARIABLE="DECISION1" LABEL="1" LEVEL="" EVENT="" ORDER="" FORMAT="" TYPE="N" COST="" USE="Y"/>
<Obs _TYPE_="DECISION" VARIABLE="DECISION2" LABEL="0" LEVEL="" EVENT="" ORDER="" FORMAT="" TYPE="N" COST="" USE="Y"/>
</Data>
<Metadata>
<Variable NAME="_TYPE_" LABEL="Type" LENGTH="32" FORMAT="" TYPE="C"/>
<Variable NAME="VARIABLE" LABEL="Variable" LENGTH="32" FORMAT="" TYPE="C"/>
<Variable NAME="LABEL" LABEL="Label" LENGTH="40" FORMAT="" TYPE="C"/>
<Variable NAME="LEVEL" LABEL="Measurement Level" LENGTH="32" FORMAT="" TYPE="C"/>
<Variable NAME="EVENT" LABEL="Target Event" LENGTH="32" FORMAT="" TYPE="C"/>
<Variable NAME="ORDER" LABEL="Order" LENGTH="10" FORMAT="" TYPE="C"/>
<Variable NAME="FORMAT" LABEL="Format" LENGTH="32" FORMAT="" TYPE="C"/>
<Variable NAME="TYPE" LABEL="Type" LENGTH="1" FORMAT="" TYPE="C"/>
<Variable NAME="COST" LABEL="Cost" LENGTH="32" FORMAT="" TYPE="C"/>
<Variable NAME="USE" LABEL="Use" LENGTH="1" FORMAT="" TYPE="C"/>
</Metadata>
</DecMeta>
</BAD>
</EmTargetAttributes>
<EmFileProperties>
<EMNOTES Type="EXTERNAL" Extension="txt">
<Data/>
</EMNOTES>
</EmFileProperties>
</PROPERTIES>
</NODE>
<NODE CLASS="SASHELP.EMSAMP.IDS.CLASS" COMPONENT="DataSource" ID="Ids2" X="778" Y="33" DESCRIPTION="Scoring Data (Home Equity)" DIAGRAMID="_ROOT_" PARENTID="" TOOLTYPE="SAMPLE" TOOLPREFIX="Ids">
<PROPERTIES Component="DataSource" Description="" Role="SCORE" Library="SAMPSIO" Table="HMEQ" ForceRun="N" ComputeStatistics="N" DataSource="" DataSelection="USERTABLE" NewTable="SAMPSIO.HMEQ" OutputType="VIEW" MetaAdvisor="BASIC" ApplyIntervalLevelLowerLimit="Y" IntervalLowerLimit="20" ApplyMaxPercentMissing="Y" MaxPercentMissing="50" MaxClassLevels="20" IdentifyEmptyColumns="Y" VariableValidation="STRICT" NewVariableRole="REJECT" Sample="D" SampleSizeType="PERCENT" SampleSizePercent="20" SampleSizeObs="10000" DBPassThrough="Y" NObs="5960" NCols="13" NBytes="656384" Segment="" ApplyMaxClassLevels="Y" DropMapVariables="N">
<EmVariableAttributes>
<DELTA Variable="BAD" AttributeName="ROLE" AttributeValue="TARGET"/>
<DELTA Variable="BAD" AttributeName="LEVEL" AttributeValue="BINARY"/>
</EmVariableAttributes>
<EmTargetAttributes>
<BAD>
<DecData Table="EMWS5.Ids2_BAD_DD">
<Data>
<Obs BAD="1" COUNT="1189" DATAPRIOR="0.1994966443" TRAINPRIOR="0.1994966443" DECPRIOR="." DECISION1="1" DECISION2="0"/>
<Obs BAD="0" COUNT="4771" DATAPRIOR="0.8005033557" TRAINPRIOR="0.8005033557" DECPRIOR="." DECISION1="0" DECISION2="1"/>
</Data>
<Metadata>
<Variable NAME="BAD" LABEL="" LENGTH="32" FORMAT="" TYPE="C"/>
<Variable NAME="COUNT" LABEL="Level Counts" LENGTH="8" FORMAT="10." TYPE="N"/>
<Variable NAME="DATAPRIOR" LABEL="Data Proportions" LENGTH="8" FORMAT="" TYPE="N"/>
<Variable NAME="TRAINPRIOR" LABEL="Training Proportions" LENGTH="8" FORMAT="" TYPE="N"/>
<Variable NAME="DECPRIOR" LABEL="Decision Priors" LENGTH="8" FORMAT="" TYPE="N"/>
<Variable NAME="DECISION1" LABEL="1" LENGTH="8" FORMAT="" TYPE="N"/>
<Variable NAME="DECISION2" LABEL="0" LENGTH="8" FORMAT="" TYPE="N"/>
</Metadata>
</DecData>
<DecMeta Table="EMWS5.Ids2_BAD_DM">
<Data>
<Obs _TYPE_="MATRIX" VARIABLE="" LABEL="" LEVEL="PROFIT" EVENT="" ORDER="" FORMAT="" TYPE="" COST="" USE="N"/>
<Obs _TYPE_="TARGET" VARIABLE="BAD" LABEL="" LEVEL="BINARY" EVENT="1" ORDER="" FORMAT="" TYPE="N" COST="" USE=""/>
<Obs _TYPE_="DECISION" VARIABLE="DECISION1" LABEL="1" LEVEL="" EVENT="" ORDER="" FORMAT="" TYPE="N" COST="" USE="Y"/>
<Obs _TYPE_="DECISION" VARIABLE="DECISION2" LABEL="0" LEVEL="" EVENT="" ORDER="" FORMAT="" TYPE="N" COST="" USE="Y"/>
<Obs _TYPE_="DATAPRIOR" VARIABLE="DATAPRIOR" LABEL="Data Prior" LEVEL="" EVENT="" ORDER="" FORMAT="" TYPE="N" COST="" USE="N"/>
<Obs _TYPE_="TRAINPRIOR" VARIABLE="TRAINPRIOR" LABEL="Training Prior" LEVEL="" EVENT="" ORDER="" FORMAT="" TYPE="N" COST="" USE="N"/>
<Obs _TYPE_="DECPRIOR" VARIABLE="DECPRIOR" LABEL="Decision Prior" LEVEL="" EVENT="" ORDER="" FORMAT="" TYPE="N" COST="" USE="N"/>
<Obs _TYPE_="PREDICTED" VARIABLE="P_BAD1" LABEL="Predicted: BAD=1" LEVEL="1" EVENT="" ORDER="" FORMAT="" TYPE="N" COST="" USE=""/>
<Obs _TYPE_="RESIDUAL" VARIABLE="R_BAD1" LABEL="Residual: BAD=1" LEVEL="1" EVENT="" ORDER="" FORMAT="" TYPE="N" COST="" USE=""/>
<Obs _TYPE_="PREDICTED" VARIABLE="P_BAD0" LABEL="Predicted: BAD=0" LEVEL="0" EVENT="" ORDER="" FORMAT="" TYPE="N" COST="" USE=""/>
<Obs _TYPE_="RESIDUAL" VARIABLE="R_BAD0" LABEL="Residual: BAD=0" LEVEL="0" EVENT="" ORDER="" FORMAT="" TYPE="N" COST="" USE=""/>
<Obs _TYPE_="FROM" VARIABLE="F_BAD" LABEL="From: BAD" LEVEL="" EVENT="" ORDER="" FORMAT="" TYPE="C" COST="" USE=""/>
<Obs _TYPE_="INTO" VARIABLE="I_BAD" LABEL="Into: BAD" LEVEL="" EVENT="" ORDER="" FORMAT="" TYPE="C" COST="" USE=""/>
</Data>
<Metadata>
<Variable NAME="_TYPE_" LABEL="Type" LENGTH="32" FORMAT="" TYPE="C"/>
<Variable NAME="VARIABLE" LABEL="Variable" LENGTH="32" FORMAT="" TYPE="C"/>
<Variable NAME="LABEL" LABEL="Label" LENGTH="40" FORMAT="" TYPE="C"/>
<Variable NAME="LEVEL" LABEL="Measurement Level" LENGTH="32" FORMAT="" TYPE="C"/>
<Variable NAME="EVENT" LABEL="Target Event" LENGTH="32" FORMAT="" TYPE="C"/>
<Variable NAME="ORDER" LABEL="Order" LENGTH="10" FORMAT="" TYPE="C"/>
<Variable NAME="FORMAT" LABEL="Format" LENGTH="32" FORMAT="" TYPE="C"/>
<Variable NAME="TYPE" LABEL="Type" LENGTH="1" FORMAT="" TYPE="C"/>
<Variable NAME="COST" LABEL="Cost" LENGTH="32" FORMAT="" TYPE="C"/>
<Variable NAME="USE" LABEL="Use" LENGTH="1" FORMAT="" TYPE="C"/>
</Metadata>
</DecMeta>
</BAD>
</EmTargetAttributes>
<EmFileProperties>
<EMNOTES Type="EXTERNAL" Extension="txt">
<Data/>
</EMNOTES>
</EmFileProperties>
</PROPERTIES>
</NODE>
<NODE CLASS="SASHELP.EMASSMT.ASSESS.CLASS" COMPONENT="ModelCompare" ID="MdlComp" X="753" Y="93" DESCRIPTION="Model Comparison" DIAGRAMID="_ROOT_" PARENTID="" TOOLTYPE="ASSESS" TOOLPREFIX="MdlComp">
<PROPERTIES NumberOfReportedLevels="1E-6" NormalizeReportingVariables="Y" DecileBin="20" LiftEpsilon="1E-6" ProfitEpsilon="1E-6" RoiEpsilon="1E-6" ScoreDistBin="20" RocChart="Y" RocEpsilon="0.01" AssessAllTargetLevels="N" SelectionData="DEFAULT" HPCriteria="DEFAULT" SelectionTable="VALIDATE" SelectionCriteria="DEFAULT" SelectionDepth="10" NumberofBins="20" RecomputeAssess="N" TargetName="BAD" ModelId="HPDMForest" ModelDescription="HP Forest" ModelCriteria="Valid: Misclassification Rate" ForceRun="N" RunAction="Train" Component="ModelCompare" StatisticUsed="_VMISC_" TargetLabel="">
<VariableProperties/>
<EmTargetAttributes/>
<EmVariableAttributes/>
<EmFileProperties>
<EMNOTES Type="EXTERNAL" Extension="txt">
<Data/>
</EMNOTES>
</EmFileProperties>
</PROPERTIES>
</NODE>
<NODE CLASS="SASHELP.EMUTIL.EMSCORE.CLASS" COMPONENT="Score" ID="Score" X="926" Y="93" DESCRIPTION="Score" DIAGRAMID="_ROOT_" PARENTID="" TOOLTYPE="ASSESS" TOOLPREFIX="Score">
<PROPERTIES OutputType="VIEW" FixedOutputNames="Y" HideVariables="N" HideInput="Y" HideTarget="Y" HideRejected="Y" HideAssess="Y" HidePredict="Y" HideFreq="Y" HideClassification="Y" HideResidual="Y" HideOther="Y" ScoreValidate="N" ScoreTest="N" CScore="Y" JScore="Y" PackageName="DEFAULT" UserPackageName="" PreferenceName="" OptimizedCode="Y" GraphReports="Y" ForceRun="N" RunAction="Train" Component="Score">
<VariableProperties/>
<EmTargetAttributes/>
<EmVariableAttributes/>
<EmFileProperties>
<EMNOTES Type="EXTERNAL" Extension="txt">
<Data/>
</EMNOTES>
</EmFileProperties>
</PROPERTIES>
</NODE>
</NODES>
<CONNECTIONS>
<CONNECTION FROM="Ids" TO="HPPart"/>
<CONNECTION FROM="HPPart" TO="HPDMForest"/>
<CONNECTION FROM="HPPart" TO="HPImp"/>
<CONNECTION FROM="HPImp" TO="HPNNA"/>
<CONNECTION FROM="HPDMForest" TO="MdlComp"/>
<CONNECTION FROM="MdlComp" TO="Score"/>
<CONNECTION FROM="HPNNA" TO="MdlComp"/>
<CONNECTION FROM="Ids2" TO="Score"/>
<CONNECTION FROM="HPImp" TO="HPReg"/>
<CONNECTION FROM="HPReg" TO="MdlComp"/>
</CONNECTIONS>
<NOTES>
<DATA><![CDATA[




]]>
</DATA>
</NOTES>
</Workspace>
</_ROOT_>
