<?xml version="1.0" encoding="UTF-8"?><_ROOT_ EMVERSION="13.2" ORIENTATION="HORIZONTAL">
<Workspace>
<NODES>
<NODE CLASS="SASHELP.EMSAMP.IDS.CLASS" COMPONENT="DataSource" ID="Ids" X="46" Y="164" DESCRIPTION="Home Equity" DIAGRAMID="_ROOT_" PARENTID="" TOOLTYPE="SAMPLE" TOOLPREFIX="Ids">
<PROPERTIES Component="DataSource" Description="" Role="TRAIN" Library="SAMPSIO" Table="HMEQ" ForceRun="N" ComputeStatistics="N" DataSource="" DataSelection="USERTABLE" NewTable="SAMPSIO.HMEQ" OutputType="VIEW" MetaAdvisor="BASIC" ApplyIntervalLevelLowerLimit="Y" IntervalLowerLimit="20" ApplyMaxPercentMissing="Y" MaxPercentMissing="50" MaxClassLevels="20" IdentifyEmptyColumns="Y" VariableValidation="STRICT" NewVariableRole="REJECT" Sample="D" SampleSizeType="PERCENT" SampleSizePercent="20" SampleSizeObs="10000" DBPassThrough="Y" NObs="5960" NCols="13" NBytes="656384" Segment="" ApplyMaxClassLevels="Y" DropMapVariables="N">
<EmVariableAttributes>
<DELTA Variable="BAD" AttributeName="ROLE" AttributeValue="TARGET"/>
<DELTA Variable="BAD" AttributeName="LEVEL" AttributeValue="BINARY"/>
</EmVariableAttributes>
<EmTargetAttributes>
<BAD>
<DecData Table="EMWS8.Ids_BAD_DD">
<Data>
<Obs BAD="1" COUNT="1189" DATAPRIOR="0.1994966443" TRAINPRIOR="0.1994966443" DECPRIOR="0" DECISION1="1" DECISION2="0"/>
<Obs BAD="0" COUNT="4771" DATAPRIOR="0.8005033557" TRAINPRIOR="0.8005033557" DECPRIOR="0" DECISION1="0" DECISION2="1"/>
</Data>
<Metadata>
<Variable NAME="BAD" LABEL="" LENGTH="32" FORMAT="" TYPE="C"/>
<Variable NAME="COUNT" LABEL="Level Counts" LENGTH="8" FORMAT="10." TYPE="N"/>
<Variable NAME="DATAPRIOR" LABEL="Data Proportions" LENGTH="8" FORMAT="" TYPE="N"/>
<Variable NAME="TRAINPRIOR" LABEL="Training Proportions" LENGTH="8" FORMAT="" TYPE="N"/>
<Variable NAME="DECPRIOR" LABEL="Decision Priors" LENGTH="8" FORMAT="" TYPE="N"/>
<Variable NAME="DECISION1" LABEL="1" LENGTH="8" FORMAT="" TYPE="N"/>
<Variable NAME="DECISION2" LABEL="0" LENGTH="8" FORMAT="" TYPE="N"/>
</Metadata>
</DecData>
<DecMeta Table="EMWS8.Ids_BAD_DM">
<Data>
<Obs _TYPE_="MATRIX" VARIABLE="" LABEL="" LEVEL="PROFIT" EVENT="" ORDER="" FORMAT="" TYPE="" COST="" USE="N"/>
<Obs _TYPE_="TARGET" VARIABLE="BAD" LABEL="" LEVEL="BINARY" EVENT="1" ORDER="" FORMAT="" TYPE="N" COST="" USE=""/>
<Obs _TYPE_="DATAPRIOR" VARIABLE="DATAPRIOR" LABEL="Data Prior" LEVEL="" EVENT="" ORDER="" FORMAT="" TYPE="N" COST="" USE="Y"/>
<Obs _TYPE_="TRAINPRIOR" VARIABLE="TRAINPRIOR" LABEL="Training Prior" LEVEL="" EVENT="" ORDER="" FORMAT="" TYPE="N" COST="" USE="N"/>
<Obs _TYPE_="DECPRIOR" VARIABLE="DECPRIOR" LABEL="Decision Prior" LEVEL="" EVENT="" ORDER="" FORMAT="" TYPE="N" COST="" USE="N"/>
<Obs _TYPE_="PREDICTED" VARIABLE="P_BAD1" LABEL="Predicted: BAD=1" LEVEL="1" EVENT="" ORDER="" FORMAT="" TYPE="N" COST="" USE=""/>
<Obs _TYPE_="RESIDUAL" VARIABLE="R_BAD1" LABEL="Residual: BAD=1" LEVEL="1" EVENT="" ORDER="" FORMAT="" TYPE="N" COST="" USE=""/>
<Obs _TYPE_="PREDICTED" VARIABLE="P_BAD0" LABEL="Predicted: BAD=0" LEVEL="0" EVENT="" ORDER="" FORMAT="" TYPE="N" COST="" USE=""/>
<Obs _TYPE_="RESIDUAL" VARIABLE="R_BAD0" LABEL="Residual: BAD=0" LEVEL="0" EVENT="" ORDER="" FORMAT="" TYPE="N" COST="" USE=""/>
<Obs _TYPE_="FROM" VARIABLE="F_BAD" LABEL="From: BAD" LEVEL="" EVENT="" ORDER="" FORMAT="" TYPE="C" COST="" USE=""/>
<Obs _TYPE_="INTO" VARIABLE="I_BAD" LABEL="Into: BAD" LEVEL="" EVENT="" ORDER="" FORMAT="" TYPE="C" COST="" USE=""/>
<Obs _TYPE_="DECISION" VARIABLE="DECISION1" LABEL="1" LEVEL="" EVENT="" ORDER="" FORMAT="" TYPE="N" COST="" USE="Y"/>
<Obs _TYPE_="DECISION" VARIABLE="DECISION2" LABEL="0" LEVEL="" EVENT="" ORDER="" FORMAT="" TYPE="N" COST="" USE="Y"/>
</Data>
<Metadata>
<Variable NAME="_TYPE_" LABEL="Type" LENGTH="32" FORMAT="" TYPE="C"/>
<Variable NAME="VARIABLE" LABEL="Variable" LENGTH="32" FORMAT="" TYPE="C"/>
<Variable NAME="LABEL" LABEL="Label" LENGTH="40" FORMAT="" TYPE="C"/>
<Variable NAME="LEVEL" LABEL="Measurement Level" LENGTH="32" FORMAT="" TYPE="C"/>
<Variable NAME="EVENT" LABEL="Target Event" LENGTH="32" FORMAT="" TYPE="C"/>
<Variable NAME="ORDER" LABEL="Order" LENGTH="10" FORMAT="" TYPE="C"/>
<Variable NAME="FORMAT" LABEL="Format" LENGTH="32" FORMAT="" TYPE="C"/>
<Variable NAME="TYPE" LABEL="Type" LENGTH="1" FORMAT="" TYPE="C"/>
<Variable NAME="COST" LABEL="Cost" LENGTH="32" FORMAT="" TYPE="C"/>
<Variable NAME="USE" LABEL="Use" LENGTH="1" FORMAT="" TYPE="C"/>
</Metadata>
</DecMeta>
</BAD>
</EmTargetAttributes>
<EmFileProperties>
<EMNOTES Type="EXTERNAL" Extension="txt">
<Data/>
</EMNOTES>
</EmFileProperties>
</PROPERTIES>
</NODE>
<NODE CLASS="SASHELP.EMSAMP.IDS.CLASS" COMPONENT="DataSource" ID="Ids2" X="694" Y="204" DESCRIPTION="Scoring Data (Home Equity)" DIAGRAMID="_ROOT_" PARENTID="" TOOLTYPE="SAMPLE" TOOLPREFIX="Ids">
<PROPERTIES Component="DataSource" Description="" Role="SCORE" Library="SAMPSIO" Table="HMEQ" ForceRun="N" ComputeStatistics="N" DataSource="" DataSelection="USERTABLE" NewTable="SAMPSIO.HMEQ" OutputType="VIEW" MetaAdvisor="BASIC" ApplyIntervalLevelLowerLimit="Y" IntervalLowerLimit="20" ApplyMaxPercentMissing="Y" MaxPercentMissing="50" MaxClassLevels="20" IdentifyEmptyColumns="Y" VariableValidation="STRICT" NewVariableRole="REJECT" Sample="D" SampleSizeType="PERCENT" SampleSizePercent="20" SampleSizeObs="10000" DBPassThrough="Y" NObs="5960" NCols="13" NBytes="656384" Segment="" ApplyMaxClassLevels="Y" DropMapVariables="N">
<EmVariableAttributes>
<DELTA Variable="BAD" AttributeName="ROLE" AttributeValue="TARGET"/>
<DELTA Variable="BAD" AttributeName="LEVEL" AttributeValue="BINARY"/>
</EmVariableAttributes>
<EmTargetAttributes>
<BAD>
<DecData Table="EMWS8.Ids2_BAD_DD">
<Data>
<Obs BAD="1" COUNT="1189" DATAPRIOR="0.1994966443" TRAINPRIOR="0.1994966443" DECPRIOR="." DECISION1="1" DECISION2="0"/>
<Obs BAD="0" COUNT="4771" DATAPRIOR="0.8005033557" TRAINPRIOR="0.8005033557" DECPRIOR="." DECISION1="0" DECISION2="1"/>
</Data>
<Metadata>
<Variable NAME="BAD" LABEL="" LENGTH="32" FORMAT="" TYPE="C"/>
<Variable NAME="COUNT" LABEL="Level Counts" LENGTH="8" FORMAT="10." TYPE="N"/>
<Variable NAME="DATAPRIOR" LABEL="Data Proportions" LENGTH="8" FORMAT="" TYPE="N"/>
<Variable NAME="TRAINPRIOR" LABEL="Training Proportions" LENGTH="8" FORMAT="" TYPE="N"/>
<Variable NAME="DECPRIOR" LABEL="Decision Priors" LENGTH="8" FORMAT="" TYPE="N"/>
<Variable NAME="DECISION1" LABEL="1" LENGTH="8" FORMAT="" TYPE="N"/>
<Variable NAME="DECISION2" LABEL="0" LENGTH="8" FORMAT="" TYPE="N"/>
</Metadata>
</DecData>
<DecMeta Table="EMWS8.Ids2_BAD_DM">
<Data>
<Obs _TYPE_="MATRIX" VARIABLE="" LABEL="" LEVEL="PROFIT" EVENT="" ORDER="" FORMAT="" TYPE="" COST="" USE="N"/>
<Obs _TYPE_="TARGET" VARIABLE="BAD" LABEL="" LEVEL="BINARY" EVENT="1" ORDER="" FORMAT="" TYPE="N" COST="" USE=""/>
<Obs _TYPE_="DECISION" VARIABLE="DECISION1" LABEL="1" LEVEL="" EVENT="" ORDER="" FORMAT="" TYPE="N" COST="" USE="Y"/>
<Obs _TYPE_="DECISION" VARIABLE="DECISION2" LABEL="0" LEVEL="" EVENT="" ORDER="" FORMAT="" TYPE="N" COST="" USE="Y"/>
<Obs _TYPE_="DATAPRIOR" VARIABLE="DATAPRIOR" LABEL="Data Prior" LEVEL="" EVENT="" ORDER="" FORMAT="" TYPE="N" COST="" USE="N"/>
<Obs _TYPE_="TRAINPRIOR" VARIABLE="TRAINPRIOR" LABEL="Training Prior" LEVEL="" EVENT="" ORDER="" FORMAT="" TYPE="N" COST="" USE="N"/>
<Obs _TYPE_="DECPRIOR" VARIABLE="DECPRIOR" LABEL="Decision Prior" LEVEL="" EVENT="" ORDER="" FORMAT="" TYPE="N" COST="" USE="N"/>
<Obs _TYPE_="PREDICTED" VARIABLE="P_BAD1" LABEL="Predicted: BAD=1" LEVEL="1" EVENT="" ORDER="" FORMAT="" TYPE="N" COST="" USE=""/>
<Obs _TYPE_="RESIDUAL" VARIABLE="R_BAD1" LABEL="Residual: BAD=1" LEVEL="1" EVENT="" ORDER="" FORMAT="" TYPE="N" COST="" USE=""/>
<Obs _TYPE_="PREDICTED" VARIABLE="P_BAD0" LABEL="Predicted: BAD=0" LEVEL="0" EVENT="" ORDER="" FORMAT="" TYPE="N" COST="" USE=""/>
<Obs _TYPE_="RESIDUAL" VARIABLE="R_BAD0" LABEL="Residual: BAD=0" LEVEL="0" EVENT="" ORDER="" FORMAT="" TYPE="N" COST="" USE=""/>
<Obs _TYPE_="FROM" VARIABLE="F_BAD" LABEL="From: BAD" LEVEL="" EVENT="" ORDER="" FORMAT="" TYPE="C" COST="" USE=""/>
<Obs _TYPE_="INTO" VARIABLE="I_BAD" LABEL="Into: BAD" LEVEL="" EVENT="" ORDER="" FORMAT="" TYPE="C" COST="" USE=""/>
</Data>
<Metadata>
<Variable NAME="_TYPE_" LABEL="Type" LENGTH="32" FORMAT="" TYPE="C"/>
<Variable NAME="VARIABLE" LABEL="Variable" LENGTH="32" FORMAT="" TYPE="C"/>
<Variable NAME="LABEL" LABEL="Label" LENGTH="40" FORMAT="" TYPE="C"/>
<Variable NAME="LEVEL" LABEL="Measurement Level" LENGTH="32" FORMAT="" TYPE="C"/>
<Variable NAME="EVENT" LABEL="Target Event" LENGTH="32" FORMAT="" TYPE="C"/>
<Variable NAME="ORDER" LABEL="Order" LENGTH="10" FORMAT="" TYPE="C"/>
<Variable NAME="FORMAT" LABEL="Format" LENGTH="32" FORMAT="" TYPE="C"/>
<Variable NAME="TYPE" LABEL="Type" LENGTH="1" FORMAT="" TYPE="C"/>
<Variable NAME="COST" LABEL="Cost" LENGTH="32" FORMAT="" TYPE="C"/>
<Variable NAME="USE" LABEL="Use" LENGTH="1" FORMAT="" TYPE="C"/>
</Metadata>
</DecMeta>
</BAD>
</EmTargetAttributes>
<EmFileProperties>
<EMNOTES Type="EXTERNAL" Extension="txt">
<Data/>
</EMNOTES>
</EmFileProperties>
</PROPERTIES>
</NODE>
<NODE CLASS="SASHELP.EMMDFY.EMIMPUTE.CLASS" COMPONENT="Impute" ID="Impt" X="368" Y="80" DESCRIPTION="Impute" DIAGRAMID="_ROOT_" PARENTID="" TOOLTYPE="MODIFY" TOOLPREFIX="Impt">
<PROPERTIES MethodInterval="MEAN" MethodClass="COUNT" MethodTargetInterval="NONE" MethodTargetClass="NONE" ABWTuning="9" AHUBERTuning="1.5" AWAVETuning="6.2831853072" SpacingProportion="90" DefaultChar="" DefaultNum="." RandomSeed="12345" Normalize="Y" ImputeNoMissing="N" MaxPctMissing="50" ValidateTestMissing="N" DistributionMissing="N" LeafSize="5" Maxbranch="2" Maxdepth="6" MinCatSize="5" Nrules="5" Nsurrs="2" Splitsize="." Indicator="NONE" IndicatorRole="REJECTED" ReplaceVariable="N" HideVariable="Y" IndicatorSource="IMPUTED" ForceRun="N" RunAction="Train" Component="Impute">
<VariableProperties/>
<EmTargetAttributes/>
<EmVariableAttributes/>
<EmFileProperties>
<EMNOTES Type="EXTERNAL" Extension="txt">
<Data/>
</EMNOTES>
</EmFileProperties>
</PROPERTIES>
</NODE>
<NODE CLASS="SASHELP.EMASSMT.ASSESS.CLASS" COMPONENT="ModelCompare" ID="MdlComp" X="686" Y="131" DESCRIPTION="Model Comparison" DIAGRAMID="_ROOT_" PARENTID="" TOOLTYPE="ASSESS" TOOLPREFIX="MdlComp">
<PROPERTIES NumberOfReportedLevels="1E-6" NormalizeReportingVariables="Y" DecileBin="20" LiftEpsilon="1E-6" ProfitEpsilon="1E-6" RoiEpsilon="1E-6" ScoreDistBin="20" RocChart="Y" RocEpsilon="0.01" AssessAllTargetLevels="N" SelectionData="DEFAULT" HPCriteria="DEFAULT" SelectionTable="VALIDATE" SelectionCriteria="DEFAULT" SelectionDepth="10" NumberofBins="20" RecomputeAssess="N" TargetName="BAD" ModelId="Tree" ModelDescription="Decision Tree" ModelCriteria="Valid: Misclassification Rate" ForceRun="N" RunAction="Train" Component="ModelCompare" StatisticUsed="_VMISC_" TargetLabel="">
<VariableProperties/>
<EmTargetAttributes/>
<EmVariableAttributes/>
<EmFileProperties>
<EMNOTES Type="EXTERNAL" Extension="txt">
<Data/>
</EMNOTES>
</EmFileProperties>
</PROPERTIES>
</NODE>
<NODE CLASS="SASHELP.EMMODL.NEURAL.CLASS" COMPONENT="NeuralNetwork" ID="Neural" X="535" Y="217" DESCRIPTION="Neural Network" DIAGRAMID="_ROOT_" PARENTID="" TOOLTYPE="MODEL" TOOLPREFIX="Neural">
<PROPERTIES UseEstimates="N" NetworkArchitecture="MLP" DirectConnection="N" Hidden="3" Prelim="Y" PreliminaryRuns="5" PrelimMaxiter="10" PrelimMaxTime="1 HOUR" Maxiter="50" Maxtime="4 HOURS" TrainingTechnique="DEFAULT" ConvDefaults="Y" AbsConvValue="-1.34078E154" AbsFValue="0" AbsFTime="1" AbsGValue="0.00001" AbsGTime="1" AbsXValue="1E-8" AbsXTime="1" FConvValue="0" FConvTime="1" GConvValue="1E-6" GConvTime="1" ModelSelectionCriterion="PROFIT/LOSS" SuppressOutput="N" Residuals="Y" Standardizations="N" HiddenUnits="N" TrainCode="" PrelimOutest="" Outest="" Outfit="" InitialDs="" CodefileRes="" CodefileNoRes="" AddHidden="Y" HiddenCombFunction="DEFAULT" HiddenActivation="DEFAULT" HiddenBias="Y" TargetCombFunction="DEFAULT" TargetActivation="DEFAULT" TargetError="DEFAULT" TargetBias="Y" InitialSeed="12345" RandDist="NORMAL" RandScale="0.1" RandLoc="0" InputStandardization="STD" WeightDecay="0" Accelerate="1.2" Decelerate="0.5" Learn="0.1" MaxLearn="50" MinLearn="0.00001" Momentum="0" MaxMomentum="1.75" Tilt="0" ForceRun="N" RunAction="Train" Component="NeuralNetwork">
<VariableProperties/>
<EmTargetAttributes/>
<EmVariableAttributes/>
<EmFileProperties>
<EMNOTES Type="EXTERNAL" Extension="txt">
<Data/>
</EMNOTES>
</EmFileProperties>
</PROPERTIES>
</NODE>
<NODE CLASS="SASHELP.EMSAMP.EMDPART.CLASS" COMPONENT="Partition" ID="Part" X="210" Y="164" DESCRIPTION="Data Partition" DIAGRAMID="_ROOT_" PARENTID="" TOOLTYPE="SAMPLE" TOOLPREFIX="Part">
<PROPERTIES Method="DEFAULT" TrainPct="70" ValidatePct="30" TestPct="0" RandomSeed="12345" OutputType="DATA" IntervalDistribution="Y" ClassDistribution="Y" ForceRun="N" RunAction="Train" Component="Partition">
<VariableProperties/>
<EmTargetAttributes/>
<EmVariableAttributes/>
<EmFileProperties>
<EMNOTES Type="EXTERNAL" Extension="txt">
<Data/>
</EMNOTES>
</EmFileProperties>
</PROPERTIES>
</NODE>
<NODE CLASS="SASHELP.EMMODL.REGRESSION.CLASS" COMPONENT="Regression" ID="Reg" X="537" Y="81" DESCRIPTION="Regression (Stepwise)" DIAGRAMID="_ROOT_" PARENTID="" TOOLTYPE="MODEL" TOOLPREFIX="Reg">
<PROPERTIES MainEffect="Y" TwoFactor="N" Polynomial="N" PolynomialDegree="2" Terms="N" Error="LOGISTIC" LinkFunction="LOGIT" SuppressIntercept="N" InputCoding="DEVIATION" MinResourceUse="N" ModelSelection="STEPWISE" SelectionCriterion="DEFAULT" SelectionDefault="Y" Sequential="N" SlEntry="0.05" SlStay="0.05" Start="0" Stop="0" Force="0" Hierarchy="CLASS" Rule="NONE" MaxStep="." StepOutput="N" OptimizationTechnique="DEFAULT" ModelDefaults="Y" MaxIterations="." MaxFunctionCalls="." MaxCPUTime="1 HOUR" ConvDefaults="Y" AbsConvValue="-1.34078E154" AbsFValue="0" AbsFTime="1" AbsGValue="0.00001" AbsGTime="1" AbsXValue="1E-8" AbsXTime="1" FConvValue="0" FConvTimes="1" GConvValue="1E-6" GConvTimes="1" ClParm="N" Covout="N" CovB="N" CorB="N" Simple="N" SuppressOutput="N" Details="N" PrintDesignMatrix="N" SASSPDS="N" Performance="N" ExcludedVariable="REJECT" ForceRun="N" RunAction="Train" Component="Regression" Interactions="">
<VariableProperties/>
<EmTargetAttributes/>
<EmVariableAttributes/>
<EmFileProperties>
<EMNOTES Type="EXTERNAL" Extension="txt">
<Data/>
</EMNOTES>
</EmFileProperties>
</PROPERTIES>
</NODE>
<NODE CLASS="SASHELP.EMUTIL.EMSCORE.CLASS" COMPONENT="Score" ID="Score" X="856" Y="131" DESCRIPTION="Score" DIAGRAMID="_ROOT_" PARENTID="" TOOLTYPE="ASSESS" TOOLPREFIX="Score">
<PROPERTIES OutputType="VIEW" FixedOutputNames="Y" HideVariables="N" HideInput="Y" HideTarget="Y" HideRejected="Y" HideAssess="Y" HidePredict="Y" HideFreq="Y" HideClassification="Y" HideResidual="Y" HideOther="Y" ScoreValidate="N" ScoreTest="N" CScore="Y" JScore="Y" PackageName="DEFAULT" UserPackageName="" PreferenceName="" OptimizedCode="Y" GraphReports="Y" ForceRun="N" RunAction="Train" Component="Score">
<VariableProperties/>
<EmTargetAttributes/>
<EmVariableAttributes/>
<EmFileProperties>
<EMNOTES Type="EXTERNAL" Extension="txt">
<Data/>
</EMNOTES>
</EmFileProperties>
</PROPERTIES>
</NODE>
<NODE CLASS="SASHELP.EMCORE.EXTENSION.CLASS" COMPONENT="DecisionTree" ID="Tree" X="370" Y="217" DESCRIPTION="Decision Tree" DIAGRAMID="_ROOT_" PARENTID="" TOOLTYPE="MODEL" TOOLPREFIX="Tree">
<PROPERTIES TrainMode="BATCH" Freeze="N" UseMultipleTarget="N" NominalCriterion="PROBCHISQ" OrdinalCriterion="ENTROPY" IntervalCriterion="PROBF" Criterion="DEFAULT" SplitPrecision="4" Precision="4" SigLevel="0.2" Splitsize="." LeafSize="5" MinCatSize="5" Maxbranch="2" Maxdepth="6" Nrules="5" Nsurrs="0" MissingValue="USEINSEARCH" UseVarOnce="N" Subtree="ASSESSMENT" NSubtree="1" AssessMeasure="PROFIT/LOSS" AssessPercentage="0.25" NodeSample="20000" Exhaustive="5000" UseDecision="N" UsePriors="N" Kass="Y" KassApply="BEFORE" Depth="Y" Inputs="N" NumInputs="1" VarSelection="Y" Dummy="N" Leafid="Y" Predict="Y" NodeRole="SEGMENT" Performance="DISK" CV="N" CVNIter="10" CVRepeat="1" CVSeed="12345" ObsImportance="N" NumSingleImp="5" ForceRun="N" RunAction="Train" Component="DecisionTree" Catalog="SASHELP.EMMODL.TREE.SOURCE" Location="CATALOG" ImportModel="N" ImportedTreeData="" CreateSample="DEFAULT" SampleMethod="RANDOM" SampleSize="10000" SampleSeed="12345" ClassColorBy="PERCENTCORRECT" IntColorBy="AVG" ShowNodeId="Y" ShowValid="Y" Pred="N" Target="ALL" Count="Y" PercentCorrect="N" ProfitLoss="NONE" AVG="Y" RASE="N" ToolType="MODEL">
<VariableProperties/>
<EmTargetAttributes/>
<EmVariableAttributes/>
<EmFileProperties>
<USERTRAINCODE Type="EXTERNAL" Extension="sas">
<Data/>
</USERTRAINCODE>
<EMNOTES Type="EXTERNAL" Extension="txt">
<Data/>
</EMNOTES>
</EmFileProperties>
</PROPERTIES>
</NODE>
</NODES>
<CONNECTIONS>
<CONNECTION FROM="MdlComp" TO="Score"/>
<CONNECTION FROM="Neural" TO="MdlComp"/>
<CONNECTION FROM="Reg" TO="MdlComp"/>
<CONNECTION FROM="Tree" TO="MdlComp"/>
<CONNECTION FROM="Ids2" TO="Score"/>
<CONNECTION FROM="Ids" TO="Part"/>
<CONNECTION FROM="Part" TO="Tree"/>
<CONNECTION FROM="Part" TO="Impt"/>
<CONNECTION FROM="Impt" TO="Reg"/>
<CONNECTION FROM="Impt" TO="Neural"/>
</CONNECTIONS>
<NOTES>
<DATA><![CDATA[



]]>
</DATA>
</NOTES>
</Workspace>
</_ROOT_>
